ISO-10303-21;
HEADER;
FILE_DESCRIPTION (( 'STEP AP214' ),
    '1' );
FILE_NAME ('OP598A.STEP',
    '2019-12-04T15:54:13',
    ( '' ),
    ( '' ),
    'SwSTEP 2.0',
    'SolidWorks 2018',
    '' );
FILE_SCHEMA (( 'AUTOMOTIVE_DESIGN' ));
ENDSEC;

DATA;
#1 = EDGE_CURVE ( 'NONE', #967, #111, #1300, .T. ) ;
#2 =( NAMED_UNIT ( * ) PLANE_ANGLE_UNIT ( ) SI_UNIT ( $, .RADIAN. ) );
#3 = DIRECTION ( 'NONE',  ( 0.0000000000000000000, 1.164139770027384973E-16, -1.000000000000000000 ) ) ;
#4 = DIMENSIONAL_EXPONENTS ( 1.000000000000000000, 0.0000000000000000000, 0.0000000000000000000, 0.0000000000000000000, 0.0000000000000000000, 0.0000000000000000000, 0.0000000000000000000 ) ;
#5 = CARTESIAN_POINT ( 'NONE',  ( 0.01000000000000000021, -1.130000000000000115, 0.05999999999999987982 ) ) ;
#6 = PRESENTATION_LAYER_ASSIGNMENT (  '', '', ( #62 ) ) ;
#7 = CARTESIAN_POINT ( 'NONE',  ( -0.01000000000000000021, -1.130000000000000115, 0.05999999999999987982 ) ) ;
#8 = SURFACE_STYLE_USAGE ( .BOTH. , #577 ) ;
#9 = PRESENTATION_STYLE_ASSIGNMENT (( #438 ) ) ;
#10 = SURFACE_STYLE_USAGE ( .BOTH. , #1265 ) ;
#11 = DIRECTION ( 'NONE',  ( 0.0000000000000000000, -0.0000000000000000000, 1.000000000000000000 ) ) ;
#12 = SURFACE_STYLE_FILL_AREA ( #533 ) ;
#13 = SURFACE_STYLE_USAGE ( .BOTH. , #698 ) ;
#14 = UNCERTAINTY_MEASURE_WITH_UNIT (LENGTH_MEASURE( 1.000000000000000082E-05 ), #148, 'distance_accuracy_value', 'NONE');
#15 = SURFACE_STYLE_USAGE ( .BOTH. , #137 ) ;
#16 = CARTESIAN_POINT ( 'NONE',  ( 0.01000000000000000021, -1.130000000000000115, -0.04000000000000015349 ) ) ;
#17 =( LENGTH_UNIT ( ) NAMED_UNIT ( * ) SI_UNIT ( $, .METRE. ) );
#18 =( NAMED_UNIT ( * ) PLANE_ANGLE_UNIT ( ) SI_UNIT ( $, .RADIAN. ) );
#19 = AXIS2_PLACEMENT_3D ( 'NONE', #861, #212, #534 ) ;
#20 =( CONVERSION_BASED_UNIT ( 'INCH', #182 ) LENGTH_UNIT ( ) NAMED_UNIT ( #935 ) );
#21 = PRODUCT ( 'OP598A', 'OP598A', '', ( #945 ) ) ;
#22 = EDGE_LOOP ( 'NONE', ( #821, #1339, #991, #349 ) ) ;
#23 = DIRECTION ( 'NONE',  ( -1.000000000000000000, -0.0000000000000000000, -0.0000000000000000000 ) ) ;
#24 = LENGTH_MEASURE_WITH_UNIT ( LENGTH_MEASURE( 0.02539999999999999897 ), #203 );
#25 = CARTESIAN_POINT ( 'NONE',  ( 0.0000000000000000000, -0.02999999999999999889, 0.1100000000000000006 ) ) ;
#26 = SURFACE_STYLE_FILL_AREA ( #1485 ) ;
#27 =( GEOMETRIC_REPRESENTATION_CONTEXT ( 3 ) GLOBAL_UNCERTAINTY_ASSIGNED_CONTEXT ( ( #14 ) ) GLOBAL_UNIT_ASSIGNED_CONTEXT ( ( #148, #273, #1358 ) ) REPRESENTATION_CONTEXT ( 'NONE', 'WORKASPACE' ) );
#28 = FILL_AREA_STYLE_COLOUR ( '', #281 ) ;
#29 = SURFACE_SIDE_STYLE ('',( #721 ) ) ;
#30 = EDGE_CURVE ( 'NONE', #614, #514, #418, .T. ) ;
#31 = FILL_AREA_STYLE ('',( #375 ) ) ;
#32 = VECTOR ( 'NONE', #663, 39.37007874015748143 ) ;
#33 = CARTESIAN_POINT ( 'NONE',  ( -0.09057967304184430524, -0.02999999999999999889, 0.06241252143306331990 ) ) ;
#34 = UNCERTAINTY_MEASURE_WITH_UNIT (LENGTH_MEASURE( 1.000000000000000082E-05 ), #1455, 'distance_accuracy_value', 'NONE');
#35 = EDGE_CURVE ( 'NONE', #1357, #614, #684, .T. ) ;
#36 =( LENGTH_UNIT ( ) NAMED_UNIT ( * ) SI_UNIT ( $, .METRE. ) );
#37 = ADVANCED_FACE ( 'NONE', ( #985 ), #175, .F. ) ;
#38 = CYLINDRICAL_SURFACE ( 'NONE', #172, 0.02999999999999999889 ) ;
#39 = FACE_OUTER_BOUND ( 'NONE', #1126, .T. ) ;
#40 = VECTOR ( 'NONE', #1120, 39.37007874015748143 ) ;
#41 = APPLICATION_PROTOCOL_DEFINITION ( 'draft international standard', 'automotive_design', 1998, #709 ) ;
#42 = ORIENTED_EDGE ( 'NONE', *, *, #30, .T. ) ;
#43 = VECTOR ( 'NONE', #477, 39.37007874015748143 ) ;
#44 = ORIENTED_EDGE ( 'NONE', *, *, #1070, .F. ) ;
#45 = PRESENTATION_STYLE_ASSIGNMENT (( #829 ) ) ;
#46 = EDGE_LOOP ( 'NONE', ( #1088, #44, #613, #907 ) ) ;
#47 = DIMENSIONAL_EXPONENTS ( 1.000000000000000000, 0.0000000000000000000, 0.0000000000000000000, 0.0000000000000000000, 0.0000000000000000000, 0.0000000000000000000, 0.0000000000000000000 ) ;
#48 = SURFACE_STYLE_USAGE ( .BOTH. , #1297 ) ;
#49 = ADVANCED_FACE ( 'NONE', ( #917 ), #758, .F. ) ;
#50 = AXIS2_PLACEMENT_3D ( 'NONE', #452, #341, #153 ) ;
#51 = ADVANCED_FACE ( 'NONE', ( #1023 ), #317, .T. ) ;
#52 = CARTESIAN_POINT ( 'NONE',  ( -0.01000000000000000021, 0.0000000000000000000, 0.0000000000000000000 ) ) ;
#53 = EDGE_LOOP ( 'NONE', ( #1199, #692, #1352, #1254 ) ) ;
#54 = PRESENTATION_STYLE_ASSIGNMENT (( #48 ) ) ;
#55 = ORIENTED_EDGE ( 'NONE', *, *, #493, .F. ) ;
#56 = EDGE_LOOP ( 'NONE', ( #87, #287, #181, #1389 ) ) ;
#57 = PRESENTATION_LAYER_ASSIGNMENT (  '', '', ( #996 ) ) ;
#58 = ADVANCED_FACE ( 'NONE', ( #1453 ), #356, .F. ) ;
#59 = DIRECTION ( 'NONE',  ( 0.0000000000000000000, 1.000000000000000000, 0.0000000000000000000 ) ) ;
#60 = ADVANCED_FACE ( 'NONE', ( #262 ), #915, .F. ) ;
#61 = COLOUR_RGB ( '',0.5019607843137254832, 0.5019607843137254832, 0.5019607843137254832 ) ;
#62 = STYLED_ITEM ( 'NONE', ( #1289 ), #830 ) ;
#63 = AXIS2_PLACEMENT_3D ( 'NONE', #1225, #879, #210 ) ;
#64 = DIRECTION ( 'NONE',  ( 0.0000000000000000000, 0.0000000000000000000, -1.000000000000000000 ) ) ;
#65 = EDGE_LOOP ( 'NONE', ( #507, #198, #382, #781 ) ) ;
#66 = EDGE_LOOP ( 'NONE', ( #389, #1215, #1291, #1372 ) ) ;
#67 = ORIENTED_EDGE ( 'NONE', *, *, #1070, .T. ) ;
#68 =( NAMED_UNIT ( * ) PLANE_ANGLE_UNIT ( ) SI_UNIT ( $, .RADIAN. ) );
#69 = EDGE_CURVE ( 'NONE', #993, #1357, #1262, .T. ) ;
#70 =( LENGTH_UNIT ( ) NAMED_UNIT ( * ) SI_UNIT ( $, .METRE. ) );
#71 = DIMENSIONAL_EXPONENTS ( 1.000000000000000000, 0.0000000000000000000, 0.0000000000000000000, 0.0000000000000000000, 0.0000000000000000000, 0.0000000000000000000, 0.0000000000000000000 ) ;
#72 = CARTESIAN_POINT ( 'NONE',  ( 0.01000000000000000021, -0.03000000000000001624, 0.04000000000000001471 ) ) ;
#73 = LENGTH_MEASURE_WITH_UNIT ( LENGTH_MEASURE( 0.02539999999999999897 ), #530 );
#74 = FILL_AREA_STYLE ('',( #770 ) ) ;
#75 = EDGE_CURVE ( 'NONE', #1071, #1218, #121, .T. ) ;
#76 = CARTESIAN_POINT ( 'NONE',  ( -0.01000000000000000021, -0.04242640687119288156, -0.04000000000000002165 ) ) ;
#77 = DIRECTION ( 'NONE',  ( 1.000000000000000000, 0.0000000000000000000, -0.0000000000000000000 ) ) ;
#78 = CARTESIAN_POINT ( 'NONE',  ( 0.01000000000000000021, -0.05999999999999999778, 0.04000000000000001471 ) ) ;
#79 = PRESENTATION_STYLE_ASSIGNMENT (( #1345 ) ) ;
#80 = STYLED_ITEM ( 'NONE', ( #497 ), #944 ) ;
#81 =( LENGTH_UNIT ( ) NAMED_UNIT ( * ) SI_UNIT ( $, .METRE. ) );
#82 = ORIENTED_EDGE ( 'NONE', *, *, #982, .T. ) ;
#83 = COLOUR_RGB ( '',0.5019607843137254832, 0.5019607843137254832, 0.5019607843137254832 ) ;
#84 =( NAMED_UNIT ( * ) SI_UNIT ( $, .STERADIAN. ) SOLID_ANGLE_UNIT ( ) );
#85 = ORIENTED_EDGE ( 'NONE', *, *, #989, .T. ) ;
#86 = COLOUR_RGB ( '',0.5019607843137254832, 0.5019607843137254832, 0.5019607843137254832 ) ;
#87 = ORIENTED_EDGE ( 'NONE', *, *, #161, .F. ) ;
#88 = COLOUR_RGB ( '',0.5019607843137254832, 0.5019607843137254832, 0.5019607843137254832 ) ;
#89 = LINE ( 'NONE', #1024, #1214 ) ;
#90 =( CONVERSION_BASED_UNIT ( 'INCH', #1473 ) LENGTH_UNIT ( ) NAMED_UNIT ( #437 ) );
#91 = ORIENTED_EDGE ( 'NONE', *, *, #946, .F. ) ;
#92 = CIRCLE ( 'NONE', #1469, 0.04242640687119307585 ) ;
#93 = DIRECTION ( 'NONE',  ( 0.0000000000000000000, 0.0000000000000000000, -1.000000000000000000 ) ) ;
#94 = DIRECTION ( 'NONE',  ( 1.000000000000000000, -0.0000000000000000000, 0.0000000000000000000 ) ) ;
#95 = FILL_AREA_STYLE_COLOUR ( '', #370 ) ;
#96 =( GEOMETRIC_REPRESENTATION_CONTEXT ( 3 ) GLOBAL_UNCERTAINTY_ASSIGNED_CONTEXT ( ( #1336 ) ) GLOBAL_UNIT_ASSIGNED_CONTEXT ( ( #1243, #448, #328 ) ) REPRESENTATION_CONTEXT ( 'NONE', 'WORKASPACE' ) );
#97 = AXIS2_PLACEMENT_3D ( 'NONE', #114, #1471, #1038 ) ;
#98 = CARTESIAN_POINT ( 'NONE',  ( -0.04000000000000000083, -0.02999999999999999889, -0.01000000000000002102 ) ) ;
#99 = DIRECTION ( 'NONE',  ( -0.0000000000000000000, 1.000000000000000000, 1.241749088029210375E-16 ) ) ;
#100 = STYLED_ITEM ( 'NONE', ( #1051 ), #1310 ) ;
#101 = DIRECTION ( 'NONE',  ( 0.0000000000000000000, 0.0000000000000000000, -1.000000000000000000 ) ) ;
#102 = PRESENTATION_LAYER_ASSIGNMENT (  '', '', ( #433 ) ) ;
#103 = EDGE_CURVE ( 'NONE', #713, #1033, #859, .T. ) ;
#104 =( BOUNDED_CURVE ( )  B_SPLINE_CURVE ( 3, ( #648, #752, #759, #78 ),
 .UNSPECIFIED., .F., .T. ) 
 B_SPLINE_CURVE_WITH_KNOTS ( ( 4, 4 ),
 ( 1.570796326794896780, 3.141592653589793116 ),
 .UNSPECIFIED. ) 
 CURVE ( )  GEOMETRIC_REPRESENTATION_ITEM ( )  RATIONAL_B_SPLINE_CURVE ( ( 1.000000000000000000, 0.8047378541243650485, 0.8047378541243650485, 1.000000000000000000 ) ) 
 REPRESENTATION_ITEM ( '' )  );
#105 = FILL_AREA_STYLE_COLOUR ( '', #86 ) ;
#106 = LENGTH_MEASURE_WITH_UNIT ( LENGTH_MEASURE( 0.02539999999999999897 ), #600 );
#107 = PRESENTATION_STYLE_ASSIGNMENT (( #750 ) ) ;
#108 = CARTESIAN_POINT ( 'NONE',  ( 0.009999999999999993269, -0.04242640687119288156, -0.04000000000000002859 ) ) ;
#109 = TOROIDAL_SURFACE ( 'NONE', #156, 0.06199999999999999956, 0.03000000000000002318 ) ;
#110 = CARTESIAN_POINT ( 'NONE',  ( 0.0000000000000000000, 0.1616396103067887779, 0.0000000000000000000 ) ) ;
#111 = VERTEX_POINT ( 'NONE', #331 ) ;
#112 = DIRECTION ( 'NONE',  ( 0.0000000000000000000, 0.0000000000000000000, 1.000000000000000000 ) ) ;
#113 = ORIENTED_EDGE ( 'NONE', *, *, #240, .T. ) ;
#114 = CARTESIAN_POINT ( 'NONE',  ( -0.04000000000000000083, -0.05999999999999999778, 0.0000000000000000000 ) ) ;
#115 = EDGE_CURVE ( 'NONE', #576, #1397, #1173, .T. ) ;
#116 = DIRECTION ( 'NONE',  ( 0.0000000000000000000, 0.0000000000000000000, 1.000000000000000000 ) ) ;
#117 =( GEOMETRIC_REPRESENTATION_CONTEXT ( 3 ) GLOBAL_UNCERTAINTY_ASSIGNED_CONTEXT ( ( #1249 ) ) GLOBAL_UNIT_ASSIGNED_CONTEXT ( ( #259, #1158, #697 ) ) REPRESENTATION_CONTEXT ( 'NONE', 'WORKASPACE' ) );
#118 = PLANE ( 'NONE',  #934 ) ;
#119 = FILL_AREA_STYLE ('',( #336 ) ) ;
#120 =( CONVERSION_BASED_UNIT ( 'INCH', #1237 ) LENGTH_UNIT ( ) NAMED_UNIT ( #1179 ) );
#121 = LINE ( 'NONE', #997, #751 ) ;
#122 = PRODUCT_DEFINITION ( 'UNKNOWN', '', #196, #922 ) ;
#123 =( NAMED_UNIT ( * ) SI_UNIT ( $, .STERADIAN. ) SOLID_ANGLE_UNIT ( ) );
#124 =( NAMED_UNIT ( * ) PLANE_ANGLE_UNIT ( ) SI_UNIT ( $, .RADIAN. ) );
#125 =( BOUNDED_CURVE ( )  B_SPLINE_CURVE ( 3, ( #496, #1191, #1298, #841 ),
 .UNSPECIFIED., .F., .T. ) 
 B_SPLINE_CURVE_WITH_KNOTS ( ( 4, 4 ),
 ( 3.141592653589793116, 4.712388980384689674 ),
 .UNSPECIFIED. ) 
 CURVE ( )  GEOMETRIC_REPRESENTATION_ITEM ( )  RATIONAL_B_SPLINE_CURVE ( ( 1.000000000000000000, 0.8047378541243649375, 0.8047378541243649375, 1.000000000000000000 ) ) 
 REPRESENTATION_ITEM ( '' )  );
#126 = FACE_OUTER_BOUND ( 'NONE', #1392, .T. ) ;
#127 = SPHERICAL_SURFACE ( 'NONE', #305, 0.06000000000000001166 ) ;
#128 = DIRECTION ( 'NONE',  ( 0.0000000000000000000, -1.000000000000000000, 0.0000000000000000000 ) ) ;
#129 = CONICAL_SURFACE ( 'NONE', #1200, 0.08321320343559655830, 0.7853981633974437271 ) ;
#130 = COLOUR_RGB ( '',0.5019607843137254832, 0.5019607843137254832, 0.5019607843137254832 ) ;
#131 = ORIENTED_EDGE ( 'NONE', *, *, #157, .T. ) ;
#132 = EDGE_LOOP ( 'NONE', ( #661, #691, #545, #500 ) ) ;
#133 = SURFACE_SIDE_STYLE ('',( #282 ) ) ;
#134 = CIRCLE ( 'NONE', #165, 0.06000000000000001166 ) ;
#135 = CARTESIAN_POINT ( 'NONE',  ( 1.019067832342008510E-17, 0.1616396103067887779, 0.08321320343559655830 ) ) ;
#136 = CARTESIAN_POINT ( 'NONE',  ( 0.0000000000000000000, 0.1600000000000000033, 0.0000000000000000000 ) ) ;
#137 = SURFACE_SIDE_STYLE ('',( #707 ) ) ;
#138 =( NAMED_UNIT ( * ) SI_UNIT ( $, .STERADIAN. ) SOLID_ANGLE_UNIT ( ) );
#139 = CARTESIAN_POINT ( 'NONE',  ( 0.0000000000000000000, 0.0000000000000000000, 0.0000000000000000000 ) ) ;
#140 = CARTESIAN_POINT ( 'NONE',  ( 0.0000000000000000000, 0.1616396103067887779, 0.08321320343559655830 ) ) ;
#141 = PRESENTATION_LAYER_ASSIGNMENT (  '', '', ( #1383 ) ) ;
#142 = SURFACE_SIDE_STYLE ('',( #1030 ) ) ;
#143 = CARTESIAN_POINT ( 'NONE',  ( 0.01000000000000000021, -1.130000000000000115, 0.03999999999999988287 ) ) ;
#144 = AXIS2_PLACEMENT_3D ( 'NONE', #894, #911, #239 ) ;
#145 = CIRCLE ( 'NONE', #581, 0.02000000000000000042 ) ;
#146 = LINE ( 'NONE', #909, #179 ) ;
#147 = ORIENTED_EDGE ( 'NONE', *, *, #896, .F. ) ;
#148 =( CONVERSION_BASED_UNIT ( 'INCH', #106 ) LENGTH_UNIT ( ) NAMED_UNIT ( #1097 ) );
#149 = DIMENSIONAL_EXPONENTS ( 1.000000000000000000, 0.0000000000000000000, 0.0000000000000000000, 0.0000000000000000000, 0.0000000000000000000, 0.0000000000000000000, 0.0000000000000000000 ) ;
#150 = CARTESIAN_POINT ( 'NONE',  ( 0.01000000000000000021, -1.130000000000000115, 0.05999999999999987982 ) ) ;
#151 = ORIENTED_EDGE ( 'NONE', *, *, #1356, .F. ) ;
#152 = FILL_AREA_STYLE_COLOUR ( '', #348 ) ;
#153 = DIRECTION ( 'NONE',  ( 0.0000000000000000000, 0.0000000000000000000, 1.000000000000000000 ) ) ;
#154 = UNCERTAINTY_MEASURE_WITH_UNIT (LENGTH_MEASURE( 1.000000000000000082E-05 ), #429, 'distance_accuracy_value', 'NONE');
#155 =( NAMED_UNIT ( * ) SI_UNIT ( $, .STERADIAN. ) SOLID_ANGLE_UNIT ( ) );
#156 = AXIS2_PLACEMENT_3D ( 'NONE', #1125, #1247, #1483 ) ;
#157 = EDGE_CURVE ( 'NONE', #227, #1287, #950, .T. ) ;
#158 = LENGTH_MEASURE_WITH_UNIT ( LENGTH_MEASURE( 0.02539999999999999897 ), #1341 );
#159 = ADVANCED_FACE ( 'NONE', ( #557 ), #617, .T. ) ;
#160 = DIRECTION ( 'NONE',  ( -0.0000000000000000000, -1.000000000000000000, -1.241749088029210375E-16 ) ) ;
#161 = EDGE_CURVE ( 'NONE', #186, #1071, #223, .T. ) ;
#162 = COLOUR_RGB ( '',0.5019607843137254832, 0.5019607843137254832, 0.5019607843137254832 ) ;
#163 = ORIENTED_EDGE ( 'NONE', *, *, #592, .T. ) ;
#164 = ORIENTED_EDGE ( 'NONE', *, *, #816, .F. ) ;
#165 = AXIS2_PLACEMENT_3D ( 'NONE', #136, #260, #352 ) ;
#166 = DIRECTION ( 'NONE',  ( 0.0000000000000000000, 0.0000000000000000000, -1.000000000000000000 ) ) ;
#167 = ORIENTED_EDGE ( 'NONE', *, *, #1057, .F. ) ;
#168 = DIRECTION ( 'NONE',  ( 0.0000000000000000000, 0.0000000000000000000, -1.000000000000000000 ) ) ;
#169 = ORIENTED_EDGE ( 'NONE', *, *, #1188, .F. ) ;
#170 = UNCERTAINTY_MEASURE_WITH_UNIT (LENGTH_MEASURE( 1.000000000000000082E-05 ), #762, 'distance_accuracy_value', 'NONE');
#171 = ADVANCED_FACE ( 'NONE', ( #583 ), #378, .T. ) ;
#172 = AXIS2_PLACEMENT_3D ( 'NONE', #811, #267, #937 ) ;
#173 = CARTESIAN_POINT ( 'NONE',  ( 0.0000000000000000000, 0.1600000000000000033, 0.0000000000000000000 ) ) ;
#174 = PRESENTATION_LAYER_ASSIGNMENT (  '', '', ( #810 ) ) ;
#175 = CYLINDRICAL_SURFACE ( 'NONE', #334, 0.02999999999999999889 ) ;
#176 = PRESENTATION_LAYER_ASSIGNMENT (  '', '', ( #1474 ) ) ;
#177 = DIRECTION ( 'NONE',  ( 1.000000000000000000, -0.0000000000000000000, -0.0000000000000000000 ) ) ;
#178 = VECTOR ( 'NONE', #11, 39.37007874015748143 ) ;
#179 = VECTOR ( 'NONE', #664, 39.37007874015748143 ) ;
#180 = AXIS2_PLACEMENT_3D ( 'NONE', #901, #790, #116 ) ;
#181 = ORIENTED_EDGE ( 'NONE', *, *, #1047, .F. ) ;
#182 = LENGTH_MEASURE_WITH_UNIT ( LENGTH_MEASURE( 0.02539999999999999897 ), #1273 );
#183 = ORIENTED_EDGE ( 'NONE', *, *, #509, .F. ) ;
#184 = AXIS2_PLACEMENT_3D ( 'NONE', #1318, #1102, #743 ) ;
#185 = COLOUR_RGB ( '',0.5019607843137254832, 0.5019607843137254832, 0.5019607843137254832 ) ;
#186 = VERTEX_POINT ( 'NONE', #678 ) ;
#187 = DIMENSIONAL_EXPONENTS ( 1.000000000000000000, 0.0000000000000000000, 0.0000000000000000000, 0.0000000000000000000, 0.0000000000000000000, 0.0000000000000000000, 0.0000000000000000000 ) ;
#188 = EDGE_CURVE ( 'NONE', #1441, #1357, #936, .T. ) ;
#189 = SURFACE_SIDE_STYLE ('',( #593 ) ) ;
#190 = ADVANCED_BREP_SHAPE_REPRESENTATION ( 'OP598A', ( #805, #1364 ), #574 ) ;
#191 = CARTESIAN_POINT ( 'NONE',  ( 0.0000000000000000000, 0.0000000000000000000, 0.0000000000000000000 ) ) ;
#192 = PLANE ( 'NONE',  #1343 ) ;
#193 = CARTESIAN_POINT ( 'NONE',  ( 7.693207330416536089E-18, 0.2024264068711926212, 0.04242640687119307585 ) ) ;
#194 = LENGTH_MEASURE_WITH_UNIT ( LENGTH_MEASURE( 0.02539999999999999897 ), #207 );
#195 = DIRECTION ( 'NONE',  ( 1.000000000000000000, -0.0000000000000000000, 0.0000000000000000000 ) ) ;
#196 = PRODUCT_DEFINITION_FORMATION_WITH_SPECIFIED_SOURCE ( 'ANY', '', #21, .NOT_KNOWN. ) ;
#197 = VECTOR ( 'NONE', #369, 39.37007874015748143 ) ;
#198 = ORIENTED_EDGE ( 'NONE', *, *, #864, .T. ) ;
#199 = SURFACE_STYLE_FILL_AREA ( #797 ) ;
#200 = LENGTH_MEASURE_WITH_UNIT ( LENGTH_MEASURE( 0.02539999999999999897 ), #1201 );
#201 = ORIENTED_EDGE ( 'NONE', *, *, #592, .F. ) ;
#202 = FILL_AREA_STYLE_COLOUR ( '', #1078 ) ;
#203 =( LENGTH_UNIT ( ) NAMED_UNIT ( * ) SI_UNIT ( $, .METRE. ) );
#204 = MECHANICAL_DESIGN_GEOMETRIC_PRESENTATION_REPRESENTATION (  '', ( #672 ), #1041 ) ;
#205 = DIRECTION ( 'NONE',  ( -0.0000000000000000000, 1.000000000000000000, -0.0000000000000000000 ) ) ;
#206 = STYLED_ITEM ( 'NONE', ( #1098 ), #171 ) ;
#207 =( LENGTH_UNIT ( ) NAMED_UNIT ( * ) SI_UNIT ( $, .METRE. ) );
#208 = SURFACE_SIDE_STYLE ('',( #214 ) ) ;
#209 = DIMENSIONAL_EXPONENTS ( 1.000000000000000000, 0.0000000000000000000, 0.0000000000000000000, 0.0000000000000000000, 0.0000000000000000000, 0.0000000000000000000, 0.0000000000000000000 ) ;
#210 = DIRECTION ( 'NONE',  ( 0.0000000000000000000, 0.0000000000000000000, -1.000000000000000000 ) ) ;
#211 = EDGE_CURVE ( 'NONE', #1276, #778, #1077, .T. ) ;
#212 = DIRECTION ( 'NONE',  ( 0.0000000000000000000, -1.000000000000000000, 0.0000000000000000000 ) ) ;
#213 = CARTESIAN_POINT ( 'NONE',  ( 0.04000000000000000083, -0.02999999999999999889, -0.01000000000000002102 ) ) ;
#214 = SURFACE_STYLE_FILL_AREA ( #876 ) ;
#215 = STYLED_ITEM ( 'NONE', ( #237 ), #49 ) ;
#216 =( NAMED_UNIT ( * ) SI_UNIT ( $, .STERADIAN. ) SOLID_ANGLE_UNIT ( ) );
#217 = DIRECTION ( 'NONE',  ( 0.0000000000000000000, 0.0000000000000000000, 1.000000000000000000 ) ) ;
#218 = ADVANCED_FACE ( 'NONE', ( #769 ), #118, .F. ) ;
#219 = FILL_AREA_STYLE_COLOUR ( '', #501 ) ;
#220 = LINE ( 'NONE', #25, #740 ) ;
#221 = VERTEX_POINT ( 'NONE', #360 ) ;
#222 = SURFACE_STYLE_FILL_AREA ( #119 ) ;
#223 =( BOUNDED_CURVE ( )  B_SPLINE_CURVE ( 3, ( #542, #1244, #885, #1440 ),
 .UNSPECIFIED., .F., .F. ) 
 B_SPLINE_CURVE_WITH_KNOTS ( ( 4, 4 ),
 ( -8.881784197001252323E-16, 1.570796326794896558 ),
 .UNSPECIFIED. ) 
 CURVE ( )  GEOMETRIC_REPRESENTATION_ITEM ( )  RATIONAL_B_SPLINE_CURVE ( ( 1.000000000000000000, 0.8047378541243648264, 0.8047378541243648264, 1.000000000000000000 ) ) 
 REPRESENTATION_ITEM ( '' )  );
#224 = SURFACE_SIDE_STYLE ('',( #645 ) ) ;
#225 = EDGE_LOOP ( 'NONE', ( #1422, #1240, #636, #933 ) ) ;
#226 = EDGE_LOOP ( 'NONE', ( #113, #163, #823, #1443 ) ) ;
#227 = VERTEX_POINT ( 'NONE', #462 ) ;
#228 = FILL_AREA_STYLE ('',( #1467 ) ) ;
#229 = CONICAL_SURFACE ( 'NONE', #906, 0.08321320343559655830, 0.7853981633974437271 ) ;
#230 = DIRECTION ( 'NONE',  ( 0.0000000000000000000, 0.0000000000000000000, -1.000000000000000000 ) ) ;
#231 = PRESENTATION_LAYER_ASSIGNMENT (  '', '', ( #1412 ) ) ;
#232 = CARTESIAN_POINT ( 'NONE',  ( 0.0000000000000000000, 0.1616396103067887779, 0.0000000000000000000 ) ) ;
#233 = FILL_AREA_STYLE ('',( #1472 ) ) ;
#234 = FILL_AREA_STYLE_COLOUR ( '', #1232 ) ;
#235 = CARTESIAN_POINT ( 'NONE',  ( -0.01000000000000000021, -0.02999999999999999889, 0.01000000000000001235 ) ) ;
#236 = CARTESIAN_POINT ( 'NONE',  ( -0.01000000000000000021, -0.06000000000000004635, -0.04000000000000001471 ) ) ;
#237 = PRESENTATION_STYLE_ASSIGNMENT (( #1324 ) ) ;
#238 = PRESENTATION_LAYER_ASSIGNMENT (  '', '', ( #1325 ) ) ;
#239 = DIRECTION ( 'NONE',  ( 0.0000000000000000000, 0.0000000000000000000, 1.000000000000000000 ) ) ;
#240 = EDGE_CURVE ( 'NONE', #576, #488, #1105, .T. ) ;
#241 =( NAMED_UNIT ( * ) SI_UNIT ( $, .STERADIAN. ) SOLID_ANGLE_UNIT ( ) );
#242 = SURFACE_STYLE_FILL_AREA ( #748 ) ;
#243 = DIRECTION ( 'NONE',  ( -1.000000000000000000, -0.0000000000000000000, -1.224646799147353207E-16 ) ) ;
#244 =( LENGTH_UNIT ( ) NAMED_UNIT ( * ) SI_UNIT ( $, .METRE. ) );
#245 = ORIENTED_EDGE ( 'NONE', *, *, #919, .T. ) ;
#246 = FILL_AREA_STYLE ('',( #264 ) ) ;
#247 =( BOUNDED_CURVE ( )  B_SPLINE_CURVE ( 3, ( #487, #825, #1063, #601 ),
 .UNSPECIFIED., .F., .T. ) 
 B_SPLINE_CURVE_WITH_KNOTS ( ( 4, 4 ),
 ( 4.712388980384689674, 6.283185307179586232 ),
 .UNSPECIFIED. ) 
 CURVE ( )  GEOMETRIC_REPRESENTATION_ITEM ( )  RATIONAL_B_SPLINE_CURVE ( ( 1.000000000000000000, 0.8047378541243649375, 0.8047378541243649375, 1.000000000000000000 ) ) 
 REPRESENTATION_ITEM ( '' )  );
#248 = VERTEX_POINT ( 'NONE', #1153 ) ;
#249 = DIRECTION ( 'NONE',  ( -1.000000000000000000, -0.0000000000000000000, 0.0000000000000000000 ) ) ;
#250 = LENGTH_MEASURE_WITH_UNIT ( LENGTH_MEASURE( 0.02539999999999999897 ), #284 );
#251 =( NAMED_UNIT ( * ) PLANE_ANGLE_UNIT ( ) SI_UNIT ( $, .RADIAN. ) );
#252 = SURFACE_STYLE_USAGE ( .BOTH. , #133 ) ;
#253 =( CONVERSION_BASED_UNIT ( 'INCH', #930 ) LENGTH_UNIT ( ) NAMED_UNIT ( #187 ) );
#254 = DIRECTION ( 'NONE',  ( -1.000000000000000000, -0.0000000000000000000, -0.0000000000000000000 ) ) ;
#255 = MECHANICAL_DESIGN_GEOMETRIC_PRESENTATION_REPRESENTATION (  '', ( #640 ), #544 ) ;
#256 = DIRECTION ( 'NONE',  ( 0.0000000000000000000, 0.0000000000000000000, -1.000000000000000000 ) ) ;
#257 = FILL_AREA_STYLE ('',( #457 ) ) ;
#258 = CARTESIAN_POINT ( 'NONE',  ( 0.0000000000000000000, 0.1616396103067887779, -0.08321320343559655830 ) ) ;
#259 =( CONVERSION_BASED_UNIT ( 'INCH', #590 ) LENGTH_UNIT ( ) NAMED_UNIT ( #276 ) );
#260 = DIRECTION ( 'NONE',  ( 1.000000000000000000, 0.0000000000000000000, 0.0000000000000000000 ) ) ;
#261 = DIRECTION ( 'NONE',  ( 0.0000000000000000000, 0.0000000000000000000, 1.000000000000000000 ) ) ;
#262 = FACE_OUTER_BOUND ( 'NONE', #1032, .T. ) ;
#263 = FILL_AREA_STYLE_COLOUR ( '', #835 ) ;
#264 = FILL_AREA_STYLE_COLOUR ( '', #1009 ) ;
#265 = CARTESIAN_POINT ( 'NONE',  ( 0.01000000000000000021, -1.130000000000000115, -0.04000000000000015349 ) ) ;
#266 = MECHANICAL_DESIGN_GEOMETRIC_PRESENTATION_REPRESENTATION (  '', ( #1178 ), #1119 ) ;
#267 = DIRECTION ( 'NONE',  ( 0.0000000000000000000, 0.0000000000000000000, 1.000000000000000000 ) ) ;
#268 = LENGTH_MEASURE_WITH_UNIT ( LENGTH_MEASURE( 0.02539999999999999897 ), #502 );
#269 = LINE ( 'NONE', #1045, #849 ) ;
#270 = PRESENTATION_LAYER_ASSIGNMENT (  '', '', ( #813 ) ) ;
#271 =( NAMED_UNIT ( * ) PLANE_ANGLE_UNIT ( ) SI_UNIT ( $, .RADIAN. ) );
#272 = CARTESIAN_POINT ( 'NONE',  ( -0.07778174593052010477, -0.02999999999999999889, 0.07778174593052034069 ) ) ;
#273 =( NAMED_UNIT ( * ) PLANE_ANGLE_UNIT ( ) SI_UNIT ( $, .RADIAN. ) );
#274 = CARTESIAN_POINT ( 'NONE',  ( 1.072871443778786870E-17, 0.1616396103067887779, -0.08321320343559655830 ) ) ;
#275 = CARTESIAN_POINT ( 'NONE',  ( 0.01000000000000000021, -1.130000000000000115, -0.04000000000000015349 ) ) ;
#276 = DIMENSIONAL_EXPONENTS ( 1.000000000000000000, 0.0000000000000000000, 0.0000000000000000000, 0.0000000000000000000, 0.0000000000000000000, 0.0000000000000000000, 0.0000000000000000000 ) ;
#277 = CARTESIAN_POINT ( 'NONE',  ( 0.0000000000000000000, 0.1616396103067887779, 0.0000000000000000000 ) ) ;
#278 = MECHANICAL_DESIGN_GEOMETRIC_PRESENTATION_REPRESENTATION (  '', ( #1412 ), #1136 ) ;
#279 = SURFACE_SIDE_STYLE ('',( #1164 ) ) ;
#280 = LINE ( 'NONE', #1213, #1101 ) ;
#281 = COLOUR_RGB ( '',1.000000000000000000, 1.000000000000000000, 1.000000000000000000 ) ;
#282 = SURFACE_STYLE_FILL_AREA ( #588 ) ;
#283 = LINE ( 'NONE', #1196, #449 ) ;
#284 =( LENGTH_UNIT ( ) NAMED_UNIT ( * ) SI_UNIT ( $, .METRE. ) );
#285 = PRODUCT_RELATED_PRODUCT_CATEGORY ( 'part', '', ( #21 ) ) ;
#286 = ADVANCED_FACE ( 'NONE', ( #620 ), #1212, .F. ) ;
#287 = ORIENTED_EDGE ( 'NONE', *, *, #1330, .F. ) ;
#288 = DIRECTION ( 'NONE',  ( 1.000000000000000000, 0.0000000000000000000, 1.224646799147353207E-16 ) ) ;
#289 = UNCERTAINTY_MEASURE_WITH_UNIT (LENGTH_MEASURE( 1.000000000000000082E-05 ), #1000, 'distance_accuracy_value', 'NONE');
#290 = CARTESIAN_POINT ( 'NONE',  ( -0.01000000000000000021, -0.06000000000000004635, -0.04000000000000001471 ) ) ;
#291 = SURFACE_STYLE_FILL_AREA ( #688 ) ;
#292 = VECTOR ( 'NONE', #177, 39.37007874015748143 ) ;
#293 = MECHANICAL_DESIGN_GEOMETRIC_PRESENTATION_REPRESENTATION (  '', ( #1383 ), #1096 ) ;
#294 =( NAMED_UNIT ( * ) PLANE_ANGLE_UNIT ( ) SI_UNIT ( $, .RADIAN. ) );
#295 = CIRCLE ( 'NONE', #473, 0.09200000000000001232 ) ;
#296 = ADVANCED_FACE ( 'NONE', ( #126 ), #1301, .T. ) ;
#297 = DIMENSIONAL_EXPONENTS ( 1.000000000000000000, 0.0000000000000000000, 0.0000000000000000000, 0.0000000000000000000, 0.0000000000000000000, 0.0000000000000000000, 0.0000000000000000000 ) ;
#298 =( GEOMETRIC_REPRESENTATION_CONTEXT ( 3 ) GLOBAL_UNCERTAINTY_ASSIGNED_CONTEXT ( ( #394 ) ) GLOBAL_UNIT_ASSIGNED_CONTEXT ( ( #536, #984, #658 ) ) REPRESENTATION_CONTEXT ( 'NONE', 'WORKASPACE' ) );
#299 = SURFACE_STYLE_FILL_AREA ( #1248 ) ;
#300 = UNCERTAINTY_MEASURE_WITH_UNIT (LENGTH_MEASURE( 1.000000000000000082E-05 ), #1115, 'distance_accuracy_value', 'NONE');
#301 = SURFACE_SIDE_STYLE ('',( #1159 ) ) ;
#302 = DIRECTION ( 'NONE',  ( -0.0000000000000000000, 1.000000000000000000, -0.0000000000000000000 ) ) ;
#303 =( CONVERSION_BASED_UNIT ( 'INCH', #194 ) LENGTH_UNIT ( ) NAMED_UNIT ( #603 ) );
#304 = PRESENTATION_STYLE_ASSIGNMENT (( #1169 ) ) ;
#305 = AXIS2_PLACEMENT_3D ( 'NONE', #767, #527, #93 ) ;
#306 = VERTEX_POINT ( 'NONE', #716 ) ;
#307 = CIRCLE ( 'NONE', #1293, 0.03000000000000002318 ) ;
#308 = VERTEX_POINT ( 'NONE', #150 ) ;
#309 = MECHANICAL_DESIGN_GEOMETRIC_PRESENTATION_REPRESENTATION (  '', ( #215 ), #555 ) ;
#310 = EDGE_LOOP ( 'NONE', ( #927, #1482, #1050, #782 ) ) ;
#311 = CARTESIAN_POINT ( 'NONE',  ( -0.04000000000000000083, -0.02999999999999999889, 0.08999999999999999667 ) ) ;
#312 = CARTESIAN_POINT ( 'NONE',  ( 0.0000000000000000000, -0.05999999999999999778, 0.01000000000000001235 ) ) ;
#313 = DIRECTION ( 'NONE',  ( 0.0000000000000000000, 0.0000000000000000000, 1.000000000000000000 ) ) ;
#314 = DIRECTION ( 'NONE',  ( 0.0000000000000000000, -0.0000000000000000000, -1.000000000000000000 ) ) ;
#315 = EDGE_CURVE ( 'NONE', #1110, #993, #435, .T. ) ;
#316 =( GEOMETRIC_REPRESENTATION_CONTEXT ( 3 ) GLOBAL_UNCERTAINTY_ASSIGNED_CONTEXT ( ( #913 ) ) GLOBAL_UNIT_ASSIGNED_CONTEXT ( ( #20, #582, #1377 ) ) REPRESENTATION_CONTEXT ( 'NONE', 'WORKASPACE' ) );
#317 = TOROIDAL_SURFACE ( 'NONE', #942, 0.06199999999999999956, 0.03000000000000002318 ) ;
#318 =( NAMED_UNIT ( * ) SI_UNIT ( $, .STERADIAN. ) SOLID_ANGLE_UNIT ( ) );
#319 = DIMENSIONAL_EXPONENTS ( 1.000000000000000000, 0.0000000000000000000, 0.0000000000000000000, 0.0000000000000000000, 0.0000000000000000000, 0.0000000000000000000, 0.0000000000000000000 ) ;
#320 =( LENGTH_UNIT ( ) NAMED_UNIT ( * ) SI_UNIT ( $, .METRE. ) );
#321 =( LENGTH_UNIT ( ) NAMED_UNIT ( * ) SI_UNIT ( $, .METRE. ) );
#322 = ORIENTED_EDGE ( 'NONE', *, *, #717, .T. ) ;
#323 = ORIENTED_EDGE ( 'NONE', *, *, #1429, .F. ) ;
#324 = STYLED_ITEM ( 'NONE', ( #1388 ), #492 ) ;
#325 = UNCERTAINTY_MEASURE_WITH_UNIT (LENGTH_MEASURE( 1.000000000000000082E-05 ), #938, 'distance_accuracy_value', 'NONE');
#326 = SURFACE_STYLE_FILL_AREA ( #233 ) ;
#327 =( GEOMETRIC_REPRESENTATION_CONTEXT ( 3 ) GLOBAL_UNCERTAINTY_ASSIGNED_CONTEXT ( ( #893 ) ) GLOBAL_UNIT_ASSIGNED_CONTEXT ( ( #1282, #1379, #699 ) ) REPRESENTATION_CONTEXT ( 'NONE', 'WORKASPACE' ) );
#328 =( NAMED_UNIT ( * ) SI_UNIT ( $, .STERADIAN. ) SOLID_ANGLE_UNIT ( ) );
#329 = FILL_AREA_STYLE ('',( #219 ) ) ;
#330 = ORIENTED_EDGE ( 'NONE', *, *, #1132, .T. ) ;
#331 = CARTESIAN_POINT ( 'NONE',  ( 0.0000000000000000000, 0.2024264068711926212, -0.04242640687119307585 ) ) ;
#332 = AXIS2_PLACEMENT_3D ( 'NONE', #1362, #892, #217 ) ;
#333 = COLOUR_RGB ( '',0.5019607843137254832, 0.5019607843137254832, 0.5019607843137254832 ) ;
#334 = AXIS2_PLACEMENT_3D ( 'NONE', #312, #77, #64 ) ;
#335 =( NAMED_UNIT ( * ) SI_UNIT ( $, .STERADIAN. ) SOLID_ANGLE_UNIT ( ) );
#336 = FILL_AREA_STYLE_COLOUR ( '', #1391 ) ;
#337 = CARTESIAN_POINT ( 'NONE',  ( -0.04000000000000000083, -0.02999999999999999889, 0.0000000000000000000 ) ) ;
#338 = SURFACE_STYLE_USAGE ( .BOTH. , #1015 ) ;
#339 = LINE ( 'NONE', #143, #197 ) ;
#340 = LINE ( 'NONE', #675, #40 ) ;
#341 = DIRECTION ( 'NONE',  ( 0.0000000000000000000, 1.000000000000000000, 0.0000000000000000000 ) ) ;
#342 = VERTEX_POINT ( 'NONE', #1058 ) ;
#343 = EDGE_CURVE ( 'NONE', #818, #1269, #247, .T. ) ;
#344 = PLANE ( 'NONE',  #702 ) ;
#345 = LINE ( 'NONE', #1413, #611 ) ;
#346 = LINE ( 'NONE', #560, #1034 ) ;
#347 = CARTESIAN_POINT ( 'NONE',  ( -0.06241252143306305622, 0.0000000000000000000, 0.09057967304184447177 ) ) ;
#348 = COLOUR_RGB ( '',0.7921568627450980005, 0.8196078431372548767, 0.9333333333333333481 ) ;
#349 = ORIENTED_EDGE ( 'NONE', *, *, #1309, .T. ) ;
#350 = AXIS2_PLACEMENT_3D ( 'NONE', #786, #230, #1134 ) ;
#351 =( LENGTH_UNIT ( ) NAMED_UNIT ( * ) SI_UNIT ( $, .METRE. ) );
#352 = DIRECTION ( 'NONE',  ( 0.0000000000000000000, 0.0000000000000000000, -1.000000000000000000 ) ) ;
#353 =( LENGTH_UNIT ( ) NAMED_UNIT ( * ) SI_UNIT ( $, .METRE. ) );
#354 = DIRECTION ( 'NONE',  ( 0.0000000000000000000, 0.0000000000000000000, 1.000000000000000000 ) ) ;
#355 = LENGTH_MEASURE_WITH_UNIT ( LENGTH_MEASURE( 0.02539999999999999897 ), #1008 );
#356 = CYLINDRICAL_SURFACE ( 'NONE', #1401, 0.03000000000000000583 ) ;
#357 = PRESENTATION_LAYER_ASSIGNMENT (  '', '', ( #1223 ) ) ;
#358 = FILL_AREA_STYLE_COLOUR ( '', #401 ) ;
#359 = DIRECTION ( 'NONE',  ( 0.0000000000000000000, 0.0000000000000000000, -1.000000000000000000 ) ) ;
#360 = CARTESIAN_POINT ( 'NONE',  ( 0.04000000000000000083, -0.02999999999999999889, -0.09000000000000001055 ) ) ;
#361 = DIRECTION ( 'NONE',  ( 0.0000000000000000000, 0.0000000000000000000, 1.000000000000000000 ) ) ;
#362 = LENGTH_MEASURE_WITH_UNIT ( LENGTH_MEASURE( 0.02539999999999999897 ), #584 );
#363 = COLOUR_RGB ( '',0.7921568627450980005, 0.8196078431372548767, 0.9333333333333333481 ) ;
#364 = DIRECTION ( 'NONE',  ( 0.0000000000000000000, 0.0000000000000000000, 1.000000000000000000 ) ) ;
#365 = CIRCLE ( 'NONE', #407, 0.08321320343559655830 ) ;
#366 = ORIENTED_EDGE ( 'NONE', *, *, #443, .F. ) ;
#367 = SURFACE_STYLE_FILL_AREA ( #1256 ) ;
#368 = SURFACE_STYLE_USAGE ( .BOTH. , #1478 ) ;
#369 = DIRECTION ( 'NONE',  ( -0.0000000000000000000, -0.0000000000000000000, -1.000000000000000000 ) ) ;
#370 = COLOUR_RGB ( '',0.5019607843137254832, 0.5019607843137254832, 0.5019607843137254832 ) ;
#371 = ORIENTED_EDGE ( 'NONE', *, *, #839, .T. ) ;
#372 = SURFACE_SIDE_STYLE ('',( #396 ) ) ;
#373 = LINE ( 'NONE', #258, #1465 ) ;
#374 =( NAMED_UNIT ( * ) SI_UNIT ( $, .STERADIAN. ) SOLID_ANGLE_UNIT ( ) );
#375 = FILL_AREA_STYLE_COLOUR ( '', #703 ) ;
#376 = SURFACE_STYLE_USAGE ( .BOTH. , #1280 ) ;
#377 = SURFACE_STYLE_USAGE ( .BOTH. , #142 ) ;
#378 = CYLINDRICAL_SURFACE ( 'NONE', #1245, 0.09199999999999999845 ) ;
#379 = CARTESIAN_POINT ( 'NONE',  ( 0.01000000000000000021, -1.130000000000000115, -0.06000000000000014350 ) ) ;
#380 = UNCERTAINTY_MEASURE_WITH_UNIT (LENGTH_MEASURE( 1.000000000000000082E-05 ), #1005, 'distance_accuracy_value', 'NONE');
#381 = STYLED_ITEM ( 'NONE', ( #654 ), #1084 ) ;
#382 = ORIENTED_EDGE ( 'NONE', *, *, #35, .F. ) ;
#383 = VECTOR ( 'NONE', #1076, 39.37007874015748143 ) ;
#384 = VECTOR ( 'NONE', #673, 39.37007874015748143 ) ;
#385 = CARTESIAN_POINT ( 'NONE',  ( 0.0000000000000000000, 0.0000000000000000000, 0.0000000000000000000 ) ) ;
#386 = VERTEX_POINT ( 'NONE', #33 ) ;
#387 = DIMENSIONAL_EXPONENTS ( 1.000000000000000000, 0.0000000000000000000, 0.0000000000000000000, 0.0000000000000000000, 0.0000000000000000000, 0.0000000000000000000, 0.0000000000000000000 ) ;
#388 = FACE_OUTER_BOUND ( 'NONE', #1236, .T. ) ;
#389 = ORIENTED_EDGE ( 'NONE', *, *, #735, .T. ) ;
#390 = MECHANICAL_DESIGN_GEOMETRIC_PRESENTATION_REPRESENTATION (  '', ( #1143 ), #1122 ) ;
#391 =( CONVERSION_BASED_UNIT ( 'INCH', #1142 ) LENGTH_UNIT ( ) NAMED_UNIT ( #549 ) );
#392 = DIRECTION ( 'NONE',  ( 0.0000000000000000000, 0.0000000000000000000, 1.000000000000000000 ) ) ;
#393 = EDGE_CURVE ( 'NONE', #400, #778, #365, .T. ) ;
#394 = UNCERTAINTY_MEASURE_WITH_UNIT (LENGTH_MEASURE( 1.000000000000000082E-05 ), #536, 'distance_accuracy_value', 'NONE');
#395 =( GEOMETRIC_REPRESENTATION_CONTEXT ( 3 ) GLOBAL_UNCERTAINTY_ASSIGNED_CONTEXT ( ( #971 ) ) GLOBAL_UNIT_ASSIGNED_CONTEXT ( ( #1342, #1112, #1437 ) ) REPRESENTATION_CONTEXT ( 'NONE', 'WORKASPACE' ) );
#396 = SURFACE_STYLE_FILL_AREA ( #1268 ) ;
#397 = FACE_OUTER_BOUND ( 'NONE', #1414, .T. ) ;
#398 = ORIENTED_EDGE ( 'NONE', *, *, #842, .F. ) ;
#399 = VECTOR ( 'NONE', #1044, 39.37007874015748143 ) ;
#400 = VERTEX_POINT ( 'NONE', #274 ) ;
#401 = COLOUR_RGB ( '',1.000000000000000000, 1.000000000000000000, 1.000000000000000000 ) ;
#402 = ADVANCED_FACE ( 'NONE', ( #986 ), #38, .F. ) ;
#403 = ORIENTED_EDGE ( 'NONE', *, *, #1202, .F. ) ;
#404 = DIRECTION ( 'NONE',  ( 0.0000000000000000000, 0.0000000000000000000, 1.000000000000000000 ) ) ;
#405 = PRESENTATION_LAYER_ASSIGNMENT (  '', '', ( #640 ) ) ;
#406 = ADVANCED_FACE ( 'NONE', ( #1235 ), #591, .F. ) ;
#407 = AXIS2_PLACEMENT_3D ( 'NONE', #277, #1180, #1174 ) ;
#408 = DIMENSIONAL_EXPONENTS ( 1.000000000000000000, 0.0000000000000000000, 0.0000000000000000000, 0.0000000000000000000, 0.0000000000000000000, 0.0000000000000000000, 0.0000000000000000000 ) ;
#409 = VECTOR ( 'NONE', #899, 39.37007874015748143 ) ;
#410 = MECHANICAL_DESIGN_GEOMETRIC_PRESENTATION_REPRESENTATION (  '', ( #100 ), #608 ) ;
#411 = CARTESIAN_POINT ( 'NONE',  ( -0.02242640687119286033, -0.03000000000000000930, -0.07242640687119286658 ) ) ;
#412 = STYLED_ITEM ( 'NONE', ( #757 ), #730 ) ;
#413 = LENGTH_MEASURE_WITH_UNIT ( LENGTH_MEASURE( 0.02539999999999999897 ), #1292 );
#414 = ORIENTED_EDGE ( 'NONE', *, *, #1202, .T. ) ;
#415 = DIMENSIONAL_EXPONENTS ( 1.000000000000000000, 0.0000000000000000000, 0.0000000000000000000, 0.0000000000000000000, 0.0000000000000000000, 0.0000000000000000000, 0.0000000000000000000 ) ;
#416 = DIRECTION ( 'NONE',  ( 0.0000000000000000000, 0.0000000000000000000, 1.000000000000000000 ) ) ;
#417 = FILL_AREA_STYLE ('',( #95 ) ) ;
#418 =( BOUNDED_CURVE ( )  B_SPLINE_CURVE ( 3, ( #1093, #738, #411, #1221 ),
 .UNSPECIFIED., .F., .F. ) 
 B_SPLINE_CURVE_WITH_KNOTS ( ( 4, 4 ),
 ( 0.0000000000000000000, 1.570796326794896780 ),
 .UNSPECIFIED. ) 
 CURVE ( )  GEOMETRIC_REPRESENTATION_ITEM ( )  RATIONAL_B_SPLINE_CURVE ( ( 1.000000000000000000, 0.8047378541243649375, 0.8047378541243649375, 1.000000000000000000 ) ) 
 REPRESENTATION_ITEM ( '' )  );
#419 = EDGE_CURVE ( 'NONE', #483, #386, #145, .T. ) ;
#420 = FILL_AREA_STYLE ('',( #873 ) ) ;
#421 = DIRECTION ( 'NONE',  ( 0.0000000000000000000, 0.0000000000000000000, 1.000000000000000000 ) ) ;
#422 = APPLICATION_PROTOCOL_DEFINITION ( 'draft international standard', 'automotive_design', 1998, #602 ) ;
#423 = DIRECTION ( 'NONE',  ( -1.000000000000000000, -0.0000000000000000000, 0.0000000000000000000 ) ) ;
#424 = SURFACE_STYLE_FILL_AREA ( #1239 ) ;
#425 = SURFACE_SIDE_STYLE ('',( #242 ) ) ;
#426 = LENGTH_MEASURE_WITH_UNIT ( LENGTH_MEASURE( 0.02539999999999999897 ), #320 );
#427 = CARTESIAN_POINT ( 'NONE',  ( 0.01000000000000000021, -0.02999999999999999889, -0.01000000000000002102 ) ) ;
#428 = MECHANICAL_DESIGN_GEOMETRIC_PRESENTATION_REPRESENTATION (  '', ( #813 ), #1321 ) ;
#429 =( CONVERSION_BASED_UNIT ( 'INCH', #776 ) LENGTH_UNIT ( ) NAMED_UNIT ( #47 ) );
#430 = ORIENTED_EDGE ( 'NONE', *, *, #1129, .F. ) ;
#431 = LENGTH_MEASURE_WITH_UNIT ( LENGTH_MEASURE( 0.02539999999999999897 ), #351 );
#432 = DIRECTION ( 'NONE',  ( 0.0000000000000000000, -1.000000000000000000, -1.241749088029210621E-16 ) ) ;
#433 = STYLED_ITEM ( 'NONE', ( #563 ), #515 ) ;
#434 = ORIENTED_EDGE ( 'NONE', *, *, #791, .T. ) ;
#435 = LINE ( 'NONE', #379, #399 ) ;
#436 = ORIENTED_EDGE ( 'NONE', *, *, #1100, .T. ) ;
#437 = DIMENSIONAL_EXPONENTS ( 1.000000000000000000, 0.0000000000000000000, 0.0000000000000000000, 0.0000000000000000000, 0.0000000000000000000, 0.0000000000000000000, 0.0000000000000000000 ) ;
#438 = SURFACE_STYLE_USAGE ( .BOTH. , #981 ) ;
#439 = CIRCLE ( 'NONE', #568, 0.09199999999999999845 ) ;
#440 =( NAMED_UNIT ( * ) PLANE_ANGLE_UNIT ( ) SI_UNIT ( $, .RADIAN. ) );
#441 = DIRECTION ( 'NONE',  ( 0.0000000000000000000, 0.0000000000000000000, 1.000000000000000000 ) ) ;
#442 = DIRECTION ( 'NONE',  ( 0.0000000000000000000, 0.0000000000000000000, 1.000000000000000000 ) ) ;
#443 = EDGE_CURVE ( 'NONE', #1053, #488, #220, .T. ) ;
#444 = DIRECTION ( 'NONE',  ( -0.0000000000000000000, 1.000000000000000000, -0.0000000000000000000 ) ) ;
#445 = SURFACE_SIDE_STYLE ('',( #12 ) ) ;
#446 =( LENGTH_UNIT ( ) NAMED_UNIT ( * ) SI_UNIT ( $, .METRE. ) );
#447 = CARTESIAN_POINT ( 'NONE',  ( 0.0000000000000000000, 0.2200000000000000011, 0.0000000000000000000 ) ) ;
#448 =( NAMED_UNIT ( * ) PLANE_ANGLE_UNIT ( ) SI_UNIT ( $, .RADIAN. ) );
#449 = VECTOR ( 'NONE', #1061, 39.37007874015748143 ) ;
#450 = VERTEX_POINT ( 'NONE', #952 ) ;
#451 = AXIS2_PLACEMENT_3D ( 'NONE', #1313, #59, #845 ) ;
#452 = CARTESIAN_POINT ( 'NONE',  ( 0.0000000000000000000, -0.02999999999999999889, 0.0000000000000000000 ) ) ;
#453 =( GEOMETRIC_REPRESENTATION_CONTEXT ( 3 ) GLOBAL_UNCERTAINTY_ASSIGNED_CONTEXT ( ( #518 ) ) GLOBAL_UNIT_ASSIGNED_CONTEXT ( ( #1027, #1355, #123 ) ) REPRESENTATION_CONTEXT ( 'NONE', 'WORKASPACE' ) );
#454 = CARTESIAN_POINT ( 'NONE',  ( 0.01000000000000000021, -0.06000000000000004635, -0.04000000000000001471 ) ) ;
#455 = CARTESIAN_POINT ( 'NONE',  ( -0.01000000000000000021, -1.130000000000000115, -0.06000000000000014350 ) ) ;
#456 =( NAMED_UNIT ( * ) PLANE_ANGLE_UNIT ( ) SI_UNIT ( $, .RADIAN. ) );
#457 = FILL_AREA_STYLE_COLOUR ( '', #1117 ) ;
#458 = CARTESIAN_POINT ( 'NONE',  ( 0.0000000000000000000, 0.1600000000000000033, 0.0000000000000000000 ) ) ;
#459 = MECHANICAL_DESIGN_GEOMETRIC_PRESENTATION_REPRESENTATION (  '', ( #1325 ), #753 ) ;
#460 =( CONVERSION_BASED_UNIT ( 'INCH', #562 ) LENGTH_UNIT ( ) NAMED_UNIT ( #976 ) );
#461 = LENGTH_MEASURE_WITH_UNIT ( LENGTH_MEASURE( 0.02539999999999999897 ), #657 );
#462 = CARTESIAN_POINT ( 'NONE',  ( -0.01000000000000000021, -0.06000000000000004635, 0.06000000000000001166 ) ) ;
#463 = FILL_AREA_STYLE_COLOUR ( '', #966 ) ;
#464 = DIRECTION ( 'NONE',  ( -0.0000000000000000000, 1.000000000000000000, -0.0000000000000000000 ) ) ;
#465 = LINE ( 'NONE', #265, #1302 ) ;
#466 = FACE_OUTER_BOUND ( 'NONE', #1147, .T. ) ;
#467 = ORIENTED_EDGE ( 'NONE', *, *, #1188, .T. ) ;
#468 = EDGE_CURVE ( 'NONE', #818, #1224, #280, .T. ) ;
#469 = EDGE_LOOP ( 'NONE', ( #1060, #1054, #1438, #1410 ) ) ;
#470 = CYLINDRICAL_SURFACE ( 'NONE', #144, 0.1100000000000000006 ) ;
#471 = FILL_AREA_STYLE_COLOUR ( '', #363 ) ;
#472 = PRESENTATION_STYLE_ASSIGNMENT (( #869 ) ) ;
#473 = AXIS2_PLACEMENT_3D ( 'NONE', #881, #302, #1094 ) ;
#474 = FILL_AREA_STYLE ('',( #1155 ) ) ;
#475 = FILL_AREA_STYLE_COLOUR ( '', #61 ) ;
#476 = DIRECTION ( 'NONE',  ( 0.0000000000000000000, 1.000000000000000000, 1.164139770027384973E-16 ) ) ;
#477 = DIRECTION ( 'NONE',  ( -0.0000000000000000000, -0.0000000000000000000, -1.000000000000000000 ) ) ;
#478 = DIRECTION ( 'NONE',  ( -0.0000000000000000000, 1.000000000000000000, 1.241749088029210375E-16 ) ) ;
#479 = DIRECTION ( 'NONE',  ( 0.0000000000000000000, 0.0000000000000000000, 1.000000000000000000 ) ) ;
#480 =( GEOMETRIC_REPRESENTATION_CONTEXT ( 3 ) GLOBAL_UNCERTAINTY_ASSIGNED_CONTEXT ( ( #1384 ) ) GLOBAL_UNIT_ASSIGNED_CONTEXT ( ( #958, #1400, #1294 ) ) REPRESENTATION_CONTEXT ( 'NONE', 'WORKASPACE' ) );
#481 = DIRECTION ( 'NONE',  ( 0.0000000000000000000, 1.000000000000000000, 0.0000000000000000000 ) ) ;
#482 = MECHANICAL_DESIGN_GEOMETRIC_PRESENTATION_REPRESENTATION (  '', ( #951 ), #27 ) ;
#483 = VERTEX_POINT ( 'NONE', #880 ) ;
#484 = SURFACE_STYLE_USAGE ( .BOTH. , #1172 ) ;
#485 = SURFACE_STYLE_FILL_AREA ( #417 ) ;
#486 = ORIENTED_EDGE ( 'NONE', *, *, #1288, .F. ) ;
#487 = CARTESIAN_POINT ( 'NONE',  ( -0.04000000000000000083, -0.02999999999999999889, 0.01000000000000001235 ) ) ;
#488 = VERTEX_POINT ( 'NONE', #520 ) ;
#489 = PRESENTATION_LAYER_ASSIGNMENT (  '', '', ( #215 ) ) ;
#490 = ORIENTED_EDGE ( 'NONE', *, *, #616, .T. ) ;
#491 = DIRECTION ( 'NONE',  ( 0.0000000000000000000, 1.241749088029210621E-16, -1.000000000000000000 ) ) ;
#492 = ADVANCED_FACE ( 'NONE', ( #1436 ), #192, .F. ) ;
#493 = EDGE_CURVE ( 'NONE', #227, #1224, #784, .T. ) ;
#494 =( CONVERSION_BASED_UNIT ( 'INCH', #1333 ) LENGTH_UNIT ( ) NAMED_UNIT ( #1091 ) );
#495 = PRESENTATION_LAYER_ASSIGNMENT (  '', '', ( #878 ) ) ;
#496 = CARTESIAN_POINT ( 'NONE',  ( 0.01000000000000000021, -0.05999999999999999778, -0.06000000000000001166 ) ) ;
#497 = PRESENTATION_STYLE_ASSIGNMENT (( #13 ) ) ;
#498 = UNCERTAINTY_MEASURE_WITH_UNIT (LENGTH_MEASURE( 1.000000000000000082E-05 ), #521, 'distance_accuracy_value', 'NONE');
#499 = COLOUR_RGB ( '',0.5019607843137254832, 0.5019607843137254832, 0.5019607843137254832 ) ;
#500 = ORIENTED_EDGE ( 'NONE', *, *, #75, .T. ) ;
#501 = COLOUR_RGB ( '',0.5019607843137254832, 0.5019607843137254832, 0.5019607843137254832 ) ;
#502 =( LENGTH_UNIT ( ) NAMED_UNIT ( * ) SI_UNIT ( $, .METRE. ) );
#503 = ORIENTED_EDGE ( 'NONE', *, *, #1057, .T. ) ;
#504 = DIRECTION ( 'NONE',  ( -1.000000000000000000, -0.0000000000000000000, 0.0000000000000000000 ) ) ;
#505 = ADVANCED_FACE ( 'NONE', ( #1250 ), #964, .T. ) ;
#506 = PRESENTATION_LAYER_ASSIGNMENT (  '', '', ( #828 ) ) ;
#507 = ORIENTED_EDGE ( 'NONE', *, *, #820, .F. ) ;
#508 = SURFACE_STYLE_FILL_AREA ( #257 ) ;
#509 = EDGE_CURVE ( 'NONE', #713, #1335, #628, .T. ) ;
#510 = ADVANCED_FACE ( 'NONE', ( #1316 ), #127, .T. ) ;
#511 = CARTESIAN_POINT ( 'NONE',  ( -0.01000000000000000021, -0.06000000000000004635, 0.06000000000000001166 ) ) ;
#512 = FACE_OUTER_BOUND ( 'NONE', #56, .T. ) ;
#513 = SURFACE_STYLE_FILL_AREA ( #228 ) ;
#514 = VERTEX_POINT ( 'NONE', #1111 ) ;
#515 = ADVANCED_FACE ( 'NONE', ( #863, #708, #670 ), #1226, .F. ) ;
#516 = DIMENSIONAL_EXPONENTS ( 1.000000000000000000, 0.0000000000000000000, 0.0000000000000000000, 0.0000000000000000000, 0.0000000000000000000, 0.0000000000000000000, 0.0000000000000000000 ) ;
#517 =( GEOMETRIC_REPRESENTATION_CONTEXT ( 3 ) GLOBAL_UNCERTAINTY_ASSIGNED_CONTEXT ( ( #596 ) ) GLOBAL_UNIT_ASSIGNED_CONTEXT ( ( #1151, #1026, #916 ) ) REPRESENTATION_CONTEXT ( 'NONE', 'WORKASPACE' ) );
#518 = UNCERTAINTY_MEASURE_WITH_UNIT (LENGTH_MEASURE( 1.000000000000000082E-05 ), #1027, 'distance_accuracy_value', 'NONE');
#519 = MECHANICAL_DESIGN_GEOMETRIC_PRESENTATION_REPRESENTATION (  '', ( #1419 ), #1448 ) ;
#520 = CARTESIAN_POINT ( 'NONE',  ( 0.0000000000000000000, 0.0000000000000000000, 0.1100000000000000006 ) ) ;
#521 =( CONVERSION_BASED_UNIT ( 'INCH', #73 ) LENGTH_UNIT ( ) NAMED_UNIT ( #638 ) );
#522 = CARTESIAN_POINT ( 'NONE',  ( 0.04000000000000000083, -0.02999999999999999889, -0.06000000000000001166 ) ) ;
#523 = PRESENTATION_LAYER_ASSIGNMENT (  '', '', ( #710 ) ) ;
#524 = SURFACE_STYLE_FILL_AREA ( #420 ) ;
#525 = LINE ( 'NONE', #235, #384 ) ;
#526 = EDGE_LOOP ( 'NONE', ( #414, #330, #1150, #834 ) ) ;
#527 = DIRECTION ( 'NONE',  ( -1.000000000000000000, 0.0000000000000000000, 0.0000000000000000000 ) ) ;
#528 = LINE ( 'NONE', #773, #1306 ) ;
#529 = ORIENTED_EDGE ( 'NONE', *, *, #1380, .F. ) ;
#530 =( LENGTH_UNIT ( ) NAMED_UNIT ( * ) SI_UNIT ( $, .METRE. ) );
#531 = LENGTH_MEASURE_WITH_UNIT ( LENGTH_MEASURE( 0.02539999999999999897 ), #17 );
#532 = CARTESIAN_POINT ( 'NONE',  ( 0.0000000000000000000, 0.2024264068711926212, 0.0000000000000000000 ) ) ;
#533 = FILL_AREA_STYLE ('',( #1108 ) ) ;
#534 = DIRECTION ( 'NONE',  ( 0.0000000000000000000, 0.0000000000000000000, -1.000000000000000000 ) ) ;
#535 = DIMENSIONAL_EXPONENTS ( 1.000000000000000000, 0.0000000000000000000, 0.0000000000000000000, 0.0000000000000000000, 0.0000000000000000000, 0.0000000000000000000, 0.0000000000000000000 ) ;
#536 =( CONVERSION_BASED_UNIT ( 'INCH', #24 ) LENGTH_UNIT ( ) NAMED_UNIT ( #739 ) );
#537 = STYLED_ITEM ( 'NONE', ( #54 ), #1074 ) ;
#538 = UNCERTAINTY_MEASURE_WITH_UNIT (LENGTH_MEASURE( 1.000000000000000082E-05 ), #253, 'distance_accuracy_value', 'NONE');
#539 =( CONVERSION_BASED_UNIT ( 'INCH', #158 ) LENGTH_UNIT ( ) NAMED_UNIT ( #71 ) );
#540 = DIRECTION ( 'NONE',  ( -1.000000000000000000, -0.0000000000000000000, 0.0000000000000000000 ) ) ;
#541 = COLOUR_RGB ( '',0.5019607843137254832, 0.5019607843137254832, 0.5019607843137254832 ) ;
#542 = CARTESIAN_POINT ( 'NONE',  ( 0.01000000000000000021, -0.06000000000000004635, 0.06000000000000001166 ) ) ;
#543 = CYLINDRICAL_SURFACE ( 'NONE', #1421, 0.02999999999999999542 ) ;
#544 =( GEOMETRIC_REPRESENTATION_CONTEXT ( 3 ) GLOBAL_UNCERTAINTY_ASSIGNED_CONTEXT ( ( #1399 ) ) GLOBAL_UNIT_ASSIGNED_CONTEXT ( ( #736, #294, #1079 ) ) REPRESENTATION_CONTEXT ( 'NONE', 'WORKASPACE' ) );
#545 = ORIENTED_EDGE ( 'NONE', *, *, #1156, .T. ) ;
#546 = AXIS2_PLACEMENT_3D ( 'NONE', #644, #1118, #1001 ) ;
#547 = PRESENTATION_STYLE_ASSIGNMENT (( #862 ) ) ;
#548 = SURFACE_STYLE_USAGE ( .BOTH. , #1002 ) ;
#549 = DIMENSIONAL_EXPONENTS ( 1.000000000000000000, 0.0000000000000000000, 0.0000000000000000000, 0.0000000000000000000, 0.0000000000000000000, 0.0000000000000000000, 0.0000000000000000000 ) ;
#550 =( NAMED_UNIT ( * ) SI_UNIT ( $, .STERADIAN. ) SOLID_ANGLE_UNIT ( ) );
#551 = PRESENTATION_LAYER_ASSIGNMENT (  '', '', ( #100 ) ) ;
#552 = CARTESIAN_POINT ( 'NONE',  ( 0.0000000000000000000, 0.2200000000000000011, 0.0000000000000000000 ) ) ;
#553 =( GEOMETRIC_REPRESENTATION_CONTEXT ( 3 ) GLOBAL_UNCERTAINTY_ASSIGNED_CONTEXT ( ( #554 ) ) GLOBAL_UNIT_ASSIGNED_CONTEXT ( ( #875, #990, #318 ) ) REPRESENTATION_CONTEXT ( 'NONE', 'WORKASPACE' ) );
#554 = UNCERTAINTY_MEASURE_WITH_UNIT (LENGTH_MEASURE( 1.000000000000000082E-05 ), #875, 'distance_accuracy_value', 'NONE');
#555 =( GEOMETRIC_REPRESENTATION_CONTEXT ( 3 ) GLOBAL_UNCERTAINTY_ASSIGNED_CONTEXT ( ( #34 ) ) GLOBAL_UNIT_ASSIGNED_CONTEXT ( ( #1455, #1338, #84 ) ) REPRESENTATION_CONTEXT ( 'NONE', 'WORKASPACE' ) );
#556 = DIRECTION ( 'NONE',  ( -0.0000000000000000000, 1.000000000000000000, -0.0000000000000000000 ) ) ;
#557 = FACE_OUTER_BOUND ( 'NONE', #1303, .T. ) ;
#558 = CARTESIAN_POINT ( 'NONE',  ( 0.02242640687119284645, -0.03000000000000003011, -0.02757359312880717714 ) ) ;
#559 = PRESENTATION_STYLE_ASSIGNMENT (( #1227 ) ) ;
#560 = CARTESIAN_POINT ( 'NONE',  ( 0.01000000000000000021, -0.05999999999999999778, -0.04000000000000001471 ) ) ;
#561 = SURFACE_STYLE_USAGE ( .BOTH. , #571 ) ;
#562 = LENGTH_MEASURE_WITH_UNIT ( LENGTH_MEASURE( 0.02539999999999999897 ), #1378 );
#563 = PRESENTATION_STYLE_ASSIGNMENT (( #548 ) ) ;
#564 = DIRECTION ( 'NONE',  ( 0.0000000000000000000, 0.0000000000000000000, -1.000000000000000000 ) ) ;
#565 = ORIENTED_EDGE ( 'NONE', *, *, #963, .F. ) ;
#566 = SPHERICAL_SURFACE ( 'NONE', #1059, 0.06000000000000001166 ) ;
#567 = SURFACE_SIDE_STYLE ('',( #367 ) ) ;
#568 = AXIS2_PLACEMENT_3D ( 'NONE', #191, #1099, #421 ) ;
#569 = ORIENTED_EDGE ( 'NONE', *, *, #888, .T. ) ;
#570 =( NAMED_UNIT ( * ) SI_UNIT ( $, .STERADIAN. ) SOLID_ANGLE_UNIT ( ) );
#571 = SURFACE_SIDE_STYLE ('',( #299 ) ) ;
#572 = CARTESIAN_POINT ( 'NONE',  ( 0.0000000000000000000, -0.02999999999999999889, 0.0000000000000000000 ) ) ;
#573 = DIRECTION ( 'NONE',  ( 0.0000000000000000000, 0.0000000000000000000, -1.000000000000000000 ) ) ;
#574 =( GEOMETRIC_REPRESENTATION_CONTEXT ( 3 ) GLOBAL_UNCERTAINTY_ASSIGNED_CONTEXT ( ( #957 ) ) GLOBAL_UNIT_ASSIGNED_CONTEXT ( ( #1270, #587, #926 ) ) REPRESENTATION_CONTEXT ( 'NONE', 'WORKASPACE' ) );
#575 = CARTESIAN_POINT ( 'NONE',  ( 0.04000000000000000083, -0.02999999999999999889, 0.01000000000000001235 ) ) ;
#576 = VERTEX_POINT ( 'NONE', #347 ) ;
#577 = SURFACE_SIDE_STYLE ('',( #199 ) ) ;
#578 =( NAMED_UNIT ( * ) SI_UNIT ( $, .STERADIAN. ) SOLID_ANGLE_UNIT ( ) );
#579 = DIRECTION ( 'NONE',  ( 0.0000000000000000000, 1.000000000000000000, 0.0000000000000000000 ) ) ;
#580 = CARTESIAN_POINT ( 'NONE',  ( -0.09057967304184430524, -0.01500000000000000291, 0.06241252143306331990 ) ) ;
#581 = AXIS2_PLACEMENT_3D ( 'NONE', #272, #1193, #168 ) ;
#582 =( NAMED_UNIT ( * ) PLANE_ANGLE_UNIT ( ) SI_UNIT ( $, .RADIAN. ) );
#583 = FACE_OUTER_BOUND ( 'NONE', #883, .T. ) ;
#584 =( LENGTH_UNIT ( ) NAMED_UNIT ( * ) SI_UNIT ( $, .METRE. ) );
#585 = MECHANICAL_DESIGN_GEOMETRIC_PRESENTATION_REPRESENTATION (  '', ( #1374 ), #453 ) ;
#586 =( NAMED_UNIT ( * ) SI_UNIT ( $, .STERADIAN. ) SOLID_ANGLE_UNIT ( ) );
#587 =( NAMED_UNIT ( * ) PLANE_ANGLE_UNIT ( ) SI_UNIT ( $, .RADIAN. ) );
#588 = FILL_AREA_STYLE ('',( #463 ) ) ;
#589 = DIRECTION ( 'NONE',  ( -0.0000000000000000000, -0.0000000000000000000, -1.000000000000000000 ) ) ;
#590 = LENGTH_MEASURE_WITH_UNIT ( LENGTH_MEASURE( 0.02539999999999999897 ), #920 );
#591 = PLANE ( 'NONE',  #1176 ) ;
#592 = EDGE_CURVE ( 'NONE', #488, #959, #819, .T. ) ;
#593 = SURFACE_STYLE_FILL_AREA ( #1230 ) ;
#594 = ORIENTED_EDGE ( 'NONE', *, *, #1132, .F. ) ;
#595 = LENGTH_MEASURE_WITH_UNIT ( LENGTH_MEASURE( 0.02539999999999999897 ), #1350 );
#596 = UNCERTAINTY_MEASURE_WITH_UNIT (LENGTH_MEASURE( 1.000000000000000082E-05 ), #1151, 'distance_accuracy_value', 'NONE');
#597 = ORIENTED_EDGE ( 'NONE', *, *, #1160, .T. ) ;
#598 = LINE ( 'NONE', #1456, #960 ) ;
#599 =( NAMED_UNIT ( * ) SI_UNIT ( $, .STERADIAN. ) SOLID_ANGLE_UNIT ( ) );
#600 =( LENGTH_UNIT ( ) NAMED_UNIT ( * ) SI_UNIT ( $, .METRE. ) );
#601 = CARTESIAN_POINT ( 'NONE',  ( -0.01000000000000000021, -0.05999999999999999778, 0.04000000000000001471 ) ) ;
#602 = APPLICATION_CONTEXT ( 'automotive_design' ) ;
#603 = DIMENSIONAL_EXPONENTS ( 1.000000000000000000, 0.0000000000000000000, 0.0000000000000000000, 0.0000000000000000000, 0.0000000000000000000, 0.0000000000000000000, 0.0000000000000000000 ) ;
#604 = MECHANICAL_DESIGN_GEOMETRIC_PRESENTATION_REPRESENTATION (  '', ( #1434 ), #298 ) ;
#605 =( LENGTH_UNIT ( ) NAMED_UNIT ( * ) SI_UNIT ( $, .METRE. ) );
#606 =( NAMED_UNIT ( * ) PLANE_ANGLE_UNIT ( ) SI_UNIT ( $, .RADIAN. ) );
#607 = PLANE ( 'NONE',  #745 ) ;
#608 =( GEOMETRIC_REPRESENTATION_CONTEXT ( 3 ) GLOBAL_UNCERTAINTY_ASSIGNED_CONTEXT ( ( #1317 ) ) GLOBAL_UNIT_ASSIGNED_CONTEXT ( ( #923, #1166, #599 ) ) REPRESENTATION_CONTEXT ( 'NONE', 'WORKASPACE' ) );
#609 = LENGTH_MEASURE_WITH_UNIT ( LENGTH_MEASURE( 0.02539999999999999897 ), #353 );
#610 = DIMENSIONAL_EXPONENTS ( 1.000000000000000000, 0.0000000000000000000, 0.0000000000000000000, 0.0000000000000000000, 0.0000000000000000000, 0.0000000000000000000, 0.0000000000000000000 ) ;
#611 = VECTOR ( 'NONE', #160, 39.37007874015748143 ) ;
#612 =( BOUNDED_CURVE ( )  B_SPLINE_CURVE ( 3, ( #777, #558, #108, #454 ),
 .UNSPECIFIED., .F., .F. ) 
 B_SPLINE_CURVE_WITH_KNOTS ( ( 4, 4 ),
 ( 1.570796326794896780, 3.141592653589793560 ),
 .UNSPECIFIED. ) 
 CURVE ( )  GEOMETRIC_REPRESENTATION_ITEM ( )  RATIONAL_B_SPLINE_CURVE ( ( 1.000000000000000000, 0.8047378541243649375, 0.8047378541243649375, 1.000000000000000000 ) ) 
 REPRESENTATION_ITEM ( '' )  );
#613 = ORIENTED_EDGE ( 'NONE', *, *, #343, .F. ) ;
#614 = VERTEX_POINT ( 'NONE', #898 ) ;
#615 = MECHANICAL_DESIGN_GEOMETRIC_PRESENTATION_REPRESENTATION (  '', ( #324 ), #1272 ) ;
#616 = EDGE_CURVE ( 'NONE', #778, #400, #1423, .T. ) ;
#617 = CYLINDRICAL_SURFACE ( 'NONE', #1274, 0.09199999999999999845 ) ;
#618 = AXIS2_PLACEMENT_3D ( 'NONE', #931, #464, #700 ) ;
#619 =( CONVERSION_BASED_UNIT ( 'INCH', #268 ) LENGTH_UNIT ( ) NAMED_UNIT ( #415 ) );
#620 = FACE_OUTER_BOUND ( 'NONE', #747, .T. ) ;
#621 = VECTOR ( 'NONE', #1019, 39.37007874015748143 ) ;
#622 = PRESENTATION_STYLE_ASSIGNMENT (( #701 ) ) ;
#623 = ORIENTED_EDGE ( 'NONE', *, *, #816, .T. ) ;
#624 = VERTEX_POINT ( 'NONE', #1133 ) ;
#625 = SURFACE_STYLE_FILL_AREA ( #1446 ) ;
#626 = MECHANICAL_DESIGN_GEOMETRIC_PRESENTATION_REPRESENTATION (  '', ( #694 ), #517 ) ;
#627 = STYLED_ITEM ( 'NONE', ( #1056 ), #1420 ) ;
#628 =( BOUNDED_CURVE ( )  B_SPLINE_CURVE ( 3, ( #1205, #1431, #76, #1090 ),
 .UNSPECIFIED., .F., .F. ) 
 B_SPLINE_CURVE_WITH_KNOTS ( ( 4, 4 ),
 ( 4.712388980384689674, 6.283185307179586232 ),
 .UNSPECIFIED. ) 
 CURVE ( )  GEOMETRIC_REPRESENTATION_ITEM ( )  RATIONAL_B_SPLINE_CURVE ( ( 1.000000000000000000, 0.8047378541243649375, 0.8047378541243649375, 1.000000000000000000 ) ) 
 REPRESENTATION_ITEM ( '' )  );
#629 = FILL_AREA_STYLE ('',( #202 ) ) ;
#630 = PRESENTATION_LAYER_ASSIGNMENT (  '', '', ( #412 ) ) ;
#631 = SHAPE_DEFINITION_REPRESENTATION ( #1425, #190 ) ;
#632 = LINE ( 'NONE', #809, #1210 ) ;
#633 = CARTESIAN_POINT ( 'NONE',  ( 0.0000000000000000000, -0.02999999999999999889, 0.1100000000000000006 ) ) ;
#634 = LINE ( 'NONE', #5, #987 ) ;
#635 = EDGE_LOOP ( 'NONE', ( #887, #67, #1404, #874 ) ) ;
#636 = ORIENTED_EDGE ( 'NONE', *, *, #717, .F. ) ;
#637 = SURFACE_STYLE_USAGE ( .BOTH. , #1220 ) ;
#638 = DIMENSIONAL_EXPONENTS ( 1.000000000000000000, 0.0000000000000000000, 0.0000000000000000000, 0.0000000000000000000, 0.0000000000000000000, 0.0000000000000000000, 0.0000000000000000000 ) ;
#639 = SURFACE_SIDE_STYLE ('',( #1087 ) ) ;
#640 = STYLED_ITEM ( 'NONE', ( #1253 ), #1065 ) ;
#641 = CARTESIAN_POINT ( 'NONE',  ( -0.009999999999999984596, -0.04242640687119289544, 0.05999999999999998390 ) ) ;
#642 =( NAMED_UNIT ( * ) SI_UNIT ( $, .STERADIAN. ) SOLID_ANGLE_UNIT ( ) );
#643 = UNCERTAINTY_MEASURE_WITH_UNIT (LENGTH_MEASURE( 1.000000000000000082E-05 ), #619, 'distance_accuracy_value', 'NONE');
#644 = CARTESIAN_POINT ( 'NONE',  ( -0.07778174593052010477, 0.0000000000000000000, 0.07778174593052034069 ) ) ;
#645 = SURFACE_STYLE_FILL_AREA ( #74 ) ;
#646 = FILL_AREA_STYLE ('',( #983 ) ) ;
#647 = CARTESIAN_POINT ( 'NONE',  ( 0.01000000000000000021, -1.130000000000000115, 0.03999999999999988287 ) ) ;
#648 = CARTESIAN_POINT ( 'NONE',  ( 0.04000000000000000083, -0.02999999999999999889, 0.01000000000000001235 ) ) ;
#649 = PRESENTATION_LAYER_ASSIGNMENT (  '', '', ( #1369 ) ) ;
#650 =( NAMED_UNIT ( * ) PLANE_ANGLE_UNIT ( ) SI_UNIT ( $, .RADIAN. ) );
#651 = MECHANICAL_DESIGN_GEOMETRIC_PRESENTATION_REPRESENTATION (  '', ( #810 ), #327 ) ;
#652 =( NAMED_UNIT ( * ) PLANE_ANGLE_UNIT ( ) SI_UNIT ( $, .RADIAN. ) );
#653 = EDGE_LOOP ( 'NONE', ( #943, #1344, #798, #1375 ) ) ;
#654 = PRESENTATION_STYLE_ASSIGNMENT (( #732 ) ) ;
#655 = SURFACE_STYLE_FILL_AREA ( #1042 ) ;
#656 = EDGE_LOOP ( 'NONE', ( #147, #436, #131, #1464 ) ) ;
#657 =( LENGTH_UNIT ( ) NAMED_UNIT ( * ) SI_UNIT ( $, .METRE. ) );
#658 =( NAMED_UNIT ( * ) SI_UNIT ( $, .STERADIAN. ) SOLID_ANGLE_UNIT ( ) );
#659 = EDGE_CURVE ( 'NONE', #1033, #624, #612, .T. ) ;
#660 =( NAMED_UNIT ( * ) PLANE_ANGLE_UNIT ( ) SI_UNIT ( $, .RADIAN. ) );
#661 = ORIENTED_EDGE ( 'NONE', *, *, #662, .T. ) ;
#662 = EDGE_CURVE ( 'NONE', #1218, #818, #525, .T. ) ;
#663 = DIRECTION ( 'NONE',  ( -1.000000000000000000, -0.0000000000000000000, -0.0000000000000000000 ) ) ;
#664 = DIRECTION ( 'NONE',  ( -0.0000000000000000000, 1.000000000000000000, -0.0000000000000000000 ) ) ;
#665 =( NAMED_UNIT ( * ) PLANE_ANGLE_UNIT ( ) SI_UNIT ( $, .RADIAN. ) );
#666 = CARTESIAN_POINT ( 'NONE',  ( 0.0000000000000000000, 0.1404264068711924551, 0.06199999999999999956 ) ) ;
#667 =( NAMED_UNIT ( * ) SI_UNIT ( $, .STERADIAN. ) SOLID_ANGLE_UNIT ( ) );
#668 = PRESENTATION_STYLE_ASSIGNMENT (( #1450 ) ) ;
#669 = ORIENTED_EDGE ( 'NONE', *, *, #946, .T. ) ;
#670 = FACE_OUTER_BOUND ( 'NONE', #225, .T. ) ;
#671 = ORIENTED_EDGE ( 'NONE', *, *, #824, .F. ) ;
#672 = STYLED_ITEM ( 'NONE', ( #686 ), #402 ) ;
#673 = DIRECTION ( 'NONE',  ( -1.000000000000000000, 0.0000000000000000000, 0.0000000000000000000 ) ) ;
#674 = AXIS2_PLACEMENT_3D ( 'NONE', #1040, #564, #1266 ) ;
#675 = CARTESIAN_POINT ( 'NONE',  ( 0.01000000000000000021, -0.03000000000000001624, 0.04000000000000001471 ) ) ;
#676 = AXIS2_PLACEMENT_3D ( 'NONE', #771, #783, #1011 ) ;
#677 = DIRECTION ( 'NONE',  ( 1.000000000000000000, -0.0000000000000000000, 0.0000000000000000000 ) ) ;
#678 = CARTESIAN_POINT ( 'NONE',  ( 0.01000000000000000021, -0.06000000000000004635, 0.06000000000000001166 ) ) ;
#679 =( CONVERSION_BASED_UNIT ( 'INCH', #1403 ) LENGTH_UNIT ( ) NAMED_UNIT ( #939 ) );
#680 = SURFACE_SIDE_STYLE ('',( #26 ) ) ;
#681 = CARTESIAN_POINT ( 'NONE',  ( -0.01000000000000000021, -0.05999999999999999778, 0.0000000000000000000 ) ) ;
#682 = CARTESIAN_POINT ( 'NONE',  ( 0.0000000000000000000, 0.1404264068711924551, 0.09200000000000001232 ) ) ;
#683 = EDGE_CURVE ( 'NONE', #483, #576, #146, .T. ) ;
#684 = LINE ( 'NONE', #1206, #1267 ) ;
#685 = DIRECTION ( 'NONE',  ( 0.0000000000000000000, -0.7071067811865507924, -0.7071067811865442421 ) ) ;
#686 = PRESENTATION_STYLE_ASSIGNMENT (( #376 ) ) ;
#687 = FACE_OUTER_BOUND ( 'NONE', #22, .T. ) ;
#688 = FILL_AREA_STYLE ('',( #471 ) ) ;
#689 = FACE_OUTER_BOUND ( 'NONE', #656, .T. ) ;
#690 = SURFACE_STYLE_USAGE ( .BOTH. , #680 ) ;
#691 = ORIENTED_EDGE ( 'NONE', *, *, #468, .T. ) ;
#692 = ORIENTED_EDGE ( 'NONE', *, *, #1160, .F. ) ;
#693 = DIRECTION ( 'NONE',  ( 0.0000000000000000000, -0.0000000000000000000, 1.000000000000000000 ) ) ;
#694 = STYLED_ITEM ( 'NONE', ( #1285 ), #1203 ) ;
#695 = ORIENTED_EDGE ( 'NONE', *, *, #161, .T. ) ;
#696 =( NAMED_UNIT ( * ) PLANE_ANGLE_UNIT ( ) SI_UNIT ( $, .RADIAN. ) );
#697 =( NAMED_UNIT ( * ) SI_UNIT ( $, .STERADIAN. ) SOLID_ANGLE_UNIT ( ) );
#698 = SURFACE_SIDE_STYLE ('',( #655 ) ) ;
#699 =( NAMED_UNIT ( * ) SI_UNIT ( $, .STERADIAN. ) SOLID_ANGLE_UNIT ( ) );
#700 = DIRECTION ( 'NONE',  ( 0.0000000000000000000, 0.0000000000000000000, 1.000000000000000000 ) ) ;
#701 = SURFACE_STYLE_USAGE ( .BOTH. , #372 ) ;
#702 = AXIS2_PLACEMENT_3D ( 'NONE', #1154, #1246, #1157 ) ;
#703 = COLOUR_RGB ( '',0.5019607843137254832, 0.5019607843137254832, 0.5019607843137254832 ) ;
#704 = DIMENSIONAL_EXPONENTS ( 1.000000000000000000, 0.0000000000000000000, 0.0000000000000000000, 0.0000000000000000000, 0.0000000000000000000, 0.0000000000000000000, 0.0000000000000000000 ) ;
#705 = SURFACE_STYLE_FILL_AREA ( #646 ) ;
#706 = ORIENTED_EDGE ( 'NONE', *, *, #493, .T. ) ;
#707 = SURFACE_STYLE_FILL_AREA ( #1043 ) ;
#708 = FACE_BOUND ( 'NONE', #132, .T. ) ;
#709 = APPLICATION_CONTEXT ( 'automotive_design' ) ;
#710 = STYLED_ITEM ( 'NONE', ( #107 ), #505 ) ;
#711 = ORIENTED_EDGE ( 'NONE', *, *, #1454, .F. ) ;
#712 = VECTOR ( 'NONE', #979, 39.37007874015748143 ) ;
#713 = VERTEX_POINT ( 'NONE', #98 ) ;
#714 = STYLED_ITEM ( 'NONE', ( #793 ), #37 ) ;
#715 = PRESENTATION_STYLE_ASSIGNMENT (( #690 ) ) ;
#716 = CARTESIAN_POINT ( 'NONE',  ( 0.01000000000000000021, -0.05999999999999999778, 0.04000000000000001471 ) ) ;
#717 = EDGE_CURVE ( 'NONE', #342, #386, #1052, .T. ) ;
#718 = AXIS2_PLACEMENT_3D ( 'NONE', #1222, #540, #441 ) ;
#719 = LENGTH_MEASURE_WITH_UNIT ( LENGTH_MEASURE( 0.02539999999999999897 ), #755 );
#720 = FILL_AREA_STYLE_COLOUR ( '', #1127 ) ;
#721 = SURFACE_STYLE_FILL_AREA ( #1046 ) ;
#722 = FACE_OUTER_BOUND ( 'NONE', #53, .T. ) ;
#723 = ORIENTED_EDGE ( 'NONE', *, *, #1258, .F. ) ;
#724 = SURFACE_STYLE_FILL_AREA ( #815 ) ;
#725 = EDGE_LOOP ( 'NONE', ( #85, #965, #91 ) ) ;
#726 =( GEOMETRIC_REPRESENTATION_CONTEXT ( 3 ) GLOBAL_UNCERTAINTY_ASSIGNED_CONTEXT ( ( #380 ) ) GLOBAL_UNIT_ASSIGNED_CONTEXT ( ( #1005, #660, #667 ) ) REPRESENTATION_CONTEXT ( 'NONE', 'WORKASPACE' ) );
#727 = SURFACE_STYLE_USAGE ( .BOTH. , #1415 ) ;
#728 = CARTESIAN_POINT ( 'NONE',  ( 0.0000000000000000000, 0.0000000000000000000, 0.0000000000000000000 ) ) ;
#729 = PRESENTATION_LAYER_ASSIGNMENT (  '', '', ( #206 ) ) ;
#730 = ADVANCED_FACE ( 'NONE', ( #466 ), #109, .T. ) ;
#731 = AXIS2_PLACEMENT_3D ( 'NONE', #139, #1162, #479 ) ;
#732 = SURFACE_STYLE_USAGE ( .BOTH. , #279 ) ;
#733 = EDGE_CURVE ( 'NONE', #483, #1053, #1286, .T. ) ;
#734 = PRESENTATION_STYLE_ASSIGNMENT (( #1479 ) ) ;
#735 = EDGE_CURVE ( 'NONE', #1308, #306, #340, .T. ) ;
#736 =( CONVERSION_BASED_UNIT ( 'INCH', #200 ) LENGTH_UNIT ( ) NAMED_UNIT ( #516 ) );
#737 = ADVANCED_FACE ( 'NONE', ( #689 ), #1259, .F. ) ;
#738 = CARTESIAN_POINT ( 'NONE',  ( -0.01000000000000000021, -0.04242640687119284687, -0.06000000000000001860 ) ) ;
#739 = DIMENSIONAL_EXPONENTS ( 1.000000000000000000, 0.0000000000000000000, 0.0000000000000000000, 0.0000000000000000000, 0.0000000000000000000, 0.0000000000000000000, 0.0000000000000000000 ) ;
#740 = VECTOR ( 'NONE', #481, 39.37007874015748143 ) ;
#741 = ORIENTED_EDGE ( 'NONE', *, *, #733, .T. ) ;
#742 = ORIENTED_EDGE ( 'NONE', *, *, #30, .F. ) ;
#743 = DIRECTION ( 'NONE',  ( 0.0000000000000000000, 0.0000000000000000000, 1.000000000000000000 ) ) ;
#744 = VECTOR ( 'NONE', #1476, 39.37007874015748143 ) ;
#745 = AXIS2_PLACEMENT_3D ( 'NONE', #52, #504, #404 ) ;
#746 = SURFACE_SIDE_STYLE ('',( #705 ) ) ;
#747 = EDGE_LOOP ( 'NONE', ( #183, #151, #742, #1010 ) ) ;
#748 = FILL_AREA_STYLE ('',( #1432 ) ) ;
#749 = AXIS2_PLACEMENT_3D ( 'NONE', #1279, #249, #261 ) ;
#750 = SURFACE_STYLE_USAGE ( .BOTH. , #189 ) ;
#751 = VECTOR ( 'NONE', #314, 39.37007874015748143 ) ;
#752 = CARTESIAN_POINT ( 'NONE',  ( 0.02242640687119284298, -0.03000000000000000930, 0.02757359312880715285 ) ) ;
#753 =( GEOMETRIC_REPRESENTATION_CONTEXT ( 3 ) GLOBAL_UNCERTAINTY_ASSIGNED_CONTEXT ( ( #1278 ) ) GLOBAL_UNIT_ASSIGNED_CONTEXT ( ( #679, #18, #374 ) ) REPRESENTATION_CONTEXT ( 'NONE', 'WORKASPACE' ) );
#754 = UNCERTAINTY_MEASURE_WITH_UNIT (LENGTH_MEASURE( 1.000000000000000082E-05 ), #303, 'distance_accuracy_value', 'NONE');
#755 =( LENGTH_UNIT ( ) NAMED_UNIT ( * ) SI_UNIT ( $, .METRE. ) );
#756 = EDGE_CURVE ( 'NONE', #1187, #1104, #1233, .T. ) ;
#757 = PRESENTATION_STYLE_ASSIGNMENT (( #1018 ) ) ;
#758 = PLANE ( 'NONE',  #860 ) ;
#759 = CARTESIAN_POINT ( 'NONE',  ( 0.01000000000000000194, -0.04242640687119286075, 0.04000000000000000777 ) ) ;
#760 = ORIENTED_EDGE ( 'NONE', *, *, #1156, .F. ) ;
#761 = LINE ( 'NONE', #681, #992 ) ;
#762 =( CONVERSION_BASED_UNIT ( 'INCH', #719 ) LENGTH_UNIT ( ) NAMED_UNIT ( #1340 ) );
#763 = ORIENTED_EDGE ( 'NONE', *, *, #824, .T. ) ;
#764 = CARTESIAN_POINT ( 'NONE',  ( 0.0000000000000000000, 0.1404264068711924551, 0.0000000000000000000 ) ) ;
#765 = PRESENTATION_LAYER_ASSIGNMENT (  '', '', ( #694 ) ) ;
#766 =( LENGTH_UNIT ( ) NAMED_UNIT ( * ) SI_UNIT ( $, .METRE. ) );
#767 = CARTESIAN_POINT ( 'NONE',  ( 0.0000000000000000000, 0.1600000000000000033, 0.0000000000000000000 ) ) ;
#768 = CARTESIAN_POINT ( 'NONE',  ( 0.01000000000000000021, -0.06000000000000004635, 0.08999999999999999667 ) ) ;
#769 = FACE_OUTER_BOUND ( 'NONE', #653, .T. ) ;
#770 = FILL_AREA_STYLE_COLOUR ( '', #812 ) ;
#771 = CARTESIAN_POINT ( 'NONE',  ( 0.0000000000000000000, -0.02999999999999999889, 0.0000000000000000000 ) ) ;
#772 = DIMENSIONAL_EXPONENTS ( 1.000000000000000000, 0.0000000000000000000, 0.0000000000000000000, 0.0000000000000000000, 0.0000000000000000000, 0.0000000000000000000, 0.0000000000000000000 ) ;
#773 = CARTESIAN_POINT ( 'NONE',  ( -0.01000000000000000021, -1.130000000000000115, 0.03999999999999988287 ) ) ;
#774 = CARTESIAN_POINT ( 'NONE',  ( 0.01000000000000000021, -1.130000000000000115, -0.06000000000000014350 ) ) ;
#775 = LINE ( 'NONE', #337, #178 ) ;
#776 = LENGTH_MEASURE_WITH_UNIT ( LENGTH_MEASURE( 0.02539999999999999897 ), #70 );
#777 = CARTESIAN_POINT ( 'NONE',  ( 0.04000000000000000083, -0.02999999999999999889, -0.01000000000000002102 ) ) ;
#778 = VERTEX_POINT ( 'NONE', #140 ) ;
#779 = LINE ( 'NONE', #522, #712 ) ;
#780 = CARTESIAN_POINT ( 'NONE',  ( -0.01000000000000000021, -1.130000000000000115, -0.04000000000000015349 ) ) ;
#781 = ORIENTED_EDGE ( 'NONE', *, *, #188, .F. ) ;
#782 = ORIENTED_EDGE ( 'NONE', *, *, #1351, .T. ) ;
#783 = DIRECTION ( 'NONE',  ( 0.0000000000000000000, 1.000000000000000000, 0.0000000000000000000 ) ) ;
#784 =( BOUNDED_CURVE ( )  B_SPLINE_CURVE ( 3, ( #1323, #641, #1444, #311 ),
 .UNSPECIFIED., .F., .T. ) 
 B_SPLINE_CURVE_WITH_KNOTS ( ( 4, 4 ),
 ( -8.881784197001252323E-16, 1.570796326794896558 ),
 .UNSPECIFIED. ) 
 CURVE ( )  GEOMETRIC_REPRESENTATION_ITEM ( )  RATIONAL_B_SPLINE_CURVE ( ( 1.000000000000000000, 0.8047378541243648264, 0.8047378541243648264, 1.000000000000000000 ) ) 
 REPRESENTATION_ITEM ( '' )  );
#785 = AXIS2_PLACEMENT_3D ( 'NONE', #232, #1138, #1459 ) ;
#786 = CARTESIAN_POINT ( 'NONE',  ( 0.04000000000000000083, -0.05999999999999999778, 0.0000000000000000000 ) ) ;
#787 = ORIENTED_EDGE ( 'NONE', *, *, #443, .T. ) ;
#788 = MECHANICAL_DESIGN_GEOMETRIC_PRESENTATION_REPRESENTATION (  '', ( #996 ), #1016 ) ;
#789 =( LENGTH_UNIT ( ) NAMED_UNIT ( * ) SI_UNIT ( $, .METRE. ) );
#790 = DIRECTION ( 'NONE',  ( 0.0000000000000000000, 1.000000000000000000, 0.0000000000000000000 ) ) ;
#791 = EDGE_CURVE ( 'NONE', #1053, #342, #955, .T. ) ;
#792 = SURFACE_SIDE_STYLE ('',( #513 ) ) ;
#793 = PRESENTATION_STYLE_ASSIGNMENT (( #1328 ) ) ;
#794 = PLANE ( 'NONE',  #749 ) ;
#795 = PRESENTATION_STYLE_ASSIGNMENT (( #15 ) ) ;
#796 = LENGTH_MEASURE_WITH_UNIT ( LENGTH_MEASURE( 0.02539999999999999897 ), #244 );
#797 = FILL_AREA_STYLE ('',( #234 ) ) ;
#798 = ORIENTED_EDGE ( 'NONE', *, *, #839, .F. ) ;
#799 = ORIENTED_EDGE ( 'NONE', *, *, #103, .T. ) ;
#800 = ORIENTED_EDGE ( 'NONE', *, *, #240, .F. ) ;
#801 = EDGE_LOOP ( 'NONE', ( #430, #597, #1426, #1334 ) ) ;
#802 = CARTESIAN_POINT ( 'NONE',  ( 0.01000000000000000021, -1.130000000000000115, -0.06000000000000014350 ) ) ;
#803 = FILL_AREA_STYLE_COLOUR ( '', #162 ) ;
#804 = DIRECTION ( 'NONE',  ( -1.000000000000000000, 0.0000000000000000000, 0.0000000000000000000 ) ) ;
#805 = MANIFOLD_SOLID_BREP ( 'Fillet1', #1337 ) ;
#806 = AXIS2_PLACEMENT_3D ( 'NONE', #1271, #579, #928 ) ;
#807 = EDGE_LOOP ( 'NONE', ( #1168, #569, #723, #671 ) ) ;
#808 = PLANE ( 'NONE',  #1209 ) ;
#809 = CARTESIAN_POINT ( 'NONE',  ( -0.01000000000000000021, -0.02999999999999999889, -0.09000000000000001055 ) ) ;
#810 = STYLED_ITEM ( 'NONE', ( #622 ), #296 ) ;
#811 = CARTESIAN_POINT ( 'NONE',  ( -0.04000000000000000083, -0.05999999999999999778, 0.0000000000000000000 ) ) ;
#812 = COLOUR_RGB ( '',0.5019607843137254832, 0.5019607843137254832, 0.5019607843137254832 ) ;
#813 = STYLED_ITEM ( 'NONE', ( #45 ), #190 ) ;
#814 = CARTESIAN_POINT ( 'NONE',  ( 0.01000000000000000021, -1.130000000000000115, 0.03999999999999988287 ) ) ;
#815 = FILL_AREA_STYLE ('',( #1275 ) ) ;
#816 = EDGE_CURVE ( 'NONE', #956, #1276, #269, .T. ) ;
#817 = PRESENTATION_STYLE_ASSIGNMENT (( #484 ) ) ;
#818 = VERTEX_POINT ( 'NONE', #1141 ) ;
#819 = CIRCLE ( 'NONE', #180, 0.1100000000000000006 ) ;
#820 = EDGE_CURVE ( 'NONE', #1335, #1441, #1408, .T. ) ;
#821 = ORIENTED_EDGE ( 'NONE', *, *, #188, .T. ) ;
#822 = SURFACE_STYLE_USAGE ( .BOTH. , #1365 ) ;
#823 = ORIENTED_EDGE ( 'NONE', *, *, #1454, .T. ) ;
#824 = EDGE_CURVE ( 'NONE', #1287, #1370, #528, .T. ) ;
#825 = CARTESIAN_POINT ( 'NONE',  ( -0.02242640687119286033, -0.03000000000000000930, 0.02757359312880715632 ) ) ;
#826 = SURFACE_SIDE_STYLE ('',( #840 ) ) ;
#827 = AXIS2_PLACEMENT_3D ( 'NONE', #72, #975, #432 ) ;
#828 = STYLED_ITEM ( 'NONE', ( #9 ), #159 ) ;
#829 = SURFACE_STYLE_USAGE ( .BOTH. , #826 ) ;
#830 = ADVANCED_FACE ( 'NONE', ( #1106 ), #884, .F. ) ;
#831 =( GEOMETRIC_REPRESENTATION_CONTEXT ( 3 ) GLOBAL_UNCERTAINTY_ASSIGNED_CONTEXT ( ( #538 ) ) GLOBAL_UNIT_ASSIGNED_CONTEXT ( ( #253, #124, #1031 ) ) REPRESENTATION_CONTEXT ( 'NONE', 'WORKASPACE' ) );
#832 = COLOUR_RGB ( '',1.000000000000000000, 1.000000000000000000, 1.000000000000000000 ) ;
#833 = LINE ( 'NONE', #1264, #1181 ) ;
#834 = ORIENTED_EDGE ( 'NONE', *, *, #211, .F. ) ;
#835 = COLOUR_RGB ( '',1.000000000000000000, 1.000000000000000000, 1.000000000000000000 ) ;
#836 = FACE_OUTER_BOUND ( 'NONE', #65, .T. ) ;
#837 = VECTOR ( 'NONE', #99, 39.37007874015748143 ) ;
#838 = ORIENTED_EDGE ( 'NONE', *, *, #842, .T. ) ;
#839 = EDGE_CURVE ( 'NONE', #993, #450, #1439, .T. ) ;
#840 = SURFACE_STYLE_FILL_AREA ( #1396 ) ;
#841 = CARTESIAN_POINT ( 'NONE',  ( 0.04000000000000000083, -0.02999999999999999889, -0.09000000000000001055 ) ) ;
#842 = EDGE_CURVE ( 'NONE', #450, #624, #346, .T. ) ;
#843 = CARTESIAN_POINT ( 'NONE',  ( 0.01000000000000000021, -1.130000000000000115, 0.03999999999999988287 ) ) ;
#844 = UNCERTAINTY_MEASURE_WITH_UNIT (LENGTH_MEASURE( 1.000000000000000082E-05 ), #539, 'distance_accuracy_value', 'NONE');
#845 = DIRECTION ( 'NONE',  ( 0.0000000000000000000, 0.0000000000000000000, 1.000000000000000000 ) ) ;
#846 = FACE_OUTER_BOUND ( 'NONE', #469, .T. ) ;
#847 = VECTOR ( 'NONE', #914, 39.37007874015748143 ) ;
#848 = ORIENTED_EDGE ( 'NONE', *, *, #962, .F. ) ;
#849 = VECTOR ( 'NONE', #444, 39.37007874015748143 ) ;
#850 = ADVANCED_FACE ( 'NONE', ( #388 ), #470, .T. ) ;
#851 = FACE_OUTER_BOUND ( 'NONE', #635, .T. ) ;
#852 = ORIENTED_EDGE ( 'NONE', *, *, #659, .T. ) ;
#853 =( GEOMETRIC_REPRESENTATION_CONTEXT ( 3 ) GLOBAL_UNCERTAINTY_ASSIGNED_CONTEXT ( ( #1121 ) ) GLOBAL_UNIT_ASSIGNED_CONTEXT ( ( #120, #456, #550 ) ) REPRESENTATION_CONTEXT ( 'NONE', 'WORKASPACE' ) );
#854 = CARTESIAN_POINT ( 'NONE',  ( 0.01000000000000000021, -0.05999999999999999778, 0.04000000000000001471 ) ) ;
#855 = MECHANICAL_DESIGN_GEOMETRIC_PRESENTATION_REPRESENTATION (  '', ( #206 ), #1395 ) ;
#856 = AXIS2_PLACEMENT_3D ( 'NONE', #458, #243, #897 ) ;
#857 = DIRECTION ( 'NONE',  ( -0.0000000000000000000, 1.000000000000000000, 1.241749088029210375E-16 ) ) ;
#858 = DIMENSIONAL_EXPONENTS ( 1.000000000000000000, 0.0000000000000000000, 0.0000000000000000000, 0.0000000000000000000, 0.0000000000000000000, 0.0000000000000000000, 0.0000000000000000000 ) ;
#859 = LINE ( 'NONE', #427, #1135 ) ;
#860 = AXIS2_PLACEMENT_3D ( 'NONE', #647, #1451, #994 ) ;
#861 = CARTESIAN_POINT ( 'NONE',  ( -0.07778174593052010477, 0.05656854249492380970, 0.07778174593052034069 ) ) ;
#862 = SURFACE_STYLE_USAGE ( .BOTH. , #639 ) ;
#863 = FACE_BOUND ( 'NONE', #1037, .T. ) ;
#864 = EDGE_CURVE ( 'NONE', #1335, #614, #761, .T. ) ;
#865 = DIRECTION ( 'NONE',  ( 0.0000000000000000000, -0.0000000000000000000, 1.000000000000000000 ) ) ;
#866 = VECTOR ( 'NONE', #1185, 39.37007874015748143 ) ;
#867 = SURFACE_STYLE_FILL_AREA ( #329 ) ;
#868 = ORIENTED_EDGE ( 'NONE', *, *, #683, .F. ) ;
#869 = SURFACE_STYLE_USAGE ( .BOTH. , #1329 ) ;
#870 = ORIENTED_EDGE ( 'NONE', *, *, #1380, .T. ) ;
#871 = PRESENTATION_LAYER_ASSIGNMENT (  '', '', ( #537 ) ) ;
#872 = DIRECTION ( 'NONE',  ( 0.0000000000000000000, 0.0000000000000000000, 1.000000000000000000 ) ) ;
#873 = FILL_AREA_STYLE_COLOUR ( '', #832 ) ;
#874 = ORIENTED_EDGE ( 'NONE', *, *, #1152, .T. ) ;
#875 =( CONVERSION_BASED_UNIT ( 'INCH', #954 ) LENGTH_UNIT ( ) NAMED_UNIT ( #149 ) );
#876 = FILL_AREA_STYLE ('',( #974 ) ) ;
#877 = COLOUR_RGB ( '',0.5019607843137254832, 0.5019607843137254832, 0.5019607843137254832 ) ;
#878 = STYLED_ITEM ( 'NONE', ( #924 ), #805 ) ;
#879 = DIRECTION ( 'NONE',  ( 1.000000000000000000, 0.0000000000000000000, -0.0000000000000000000 ) ) ;
#880 = CARTESIAN_POINT ( 'NONE',  ( -0.06241252143306305622, -0.03000000000000000583, 0.09057967304184447177 ) ) ;
#881 = CARTESIAN_POINT ( 'NONE',  ( 0.0000000000000000000, 0.1404264068711924551, 0.0000000000000000000 ) ) ;
#882 = COLOUR_RGB ( '',0.5019607843137254832, 0.5019607843137254832, 0.5019607843137254832 ) ;
#883 = EDGE_LOOP ( 'NONE', ( #1305, #1427, #623, #167 ) ) ;
#884 = CYLINDRICAL_SURFACE ( 'NONE', #350, 0.02999999999999999889 ) ;
#885 = CARTESIAN_POINT ( 'NONE',  ( 0.02242640687119284298, -0.03000000000000003358, 0.07242640687119283882 ) ) ;
#886 = ORIENTED_EDGE ( 'NONE', *, *, #1124, .F. ) ;
#887 = ORIENTED_EDGE ( 'NONE', *, *, #1258, .T. ) ;
#888 = EDGE_CURVE ( 'NONE', #227, #1269, #969, .T. ) ;
#889 = DIRECTION ( 'NONE',  ( -0.0000000000000000000, -1.000000000000000000, -1.241749088029210375E-16 ) ) ;
#890 = MECHANICAL_DESIGN_GEOMETRIC_PRESENTATION_REPRESENTATION (  '', ( #714 ), #1048 ) ;
#891 = DIRECTION ( 'NONE',  ( -0.0000000000000000000, -1.000000000000000000, -1.164139770027384973E-16 ) ) ;
#892 = DIRECTION ( 'NONE',  ( 0.0000000000000000000, 1.000000000000000000, 0.0000000000000000000 ) ) ;
#893 = UNCERTAINTY_MEASURE_WITH_UNIT (LENGTH_MEASURE( 1.000000000000000082E-05 ), #1282, 'distance_accuracy_value', 'NONE');
#894 = CARTESIAN_POINT ( 'NONE',  ( 0.0000000000000000000, -0.02999999999999999889, 0.0000000000000000000 ) ) ;
#895 =( CONVERSION_BASED_UNIT ( 'INCH', #431 ) LENGTH_UNIT ( ) NAMED_UNIT ( #1347 ) );
#896 = EDGE_CURVE ( 'NONE', #186, #308, #89, .T. ) ;
#897 = DIRECTION ( 'NONE',  ( -1.224646799147352961E-16, 0.0000000000000000000, 1.000000000000000000 ) ) ;
#898 = CARTESIAN_POINT ( 'NONE',  ( -0.01000000000000000021, -0.05999999999999999778, -0.06000000000000001166 ) ) ;
#899 = DIRECTION ( 'NONE',  ( -0.0000000000000000000, -0.0000000000000000000, -1.000000000000000000 ) ) ;
#900 = AXIS2_PLACEMENT_3D ( 'NONE', #666, #804, #1366 ) ;
#901 = CARTESIAN_POINT ( 'NONE',  ( 0.0000000000000000000, 0.0000000000000000000, 0.0000000000000000000 ) ) ;
#902 = DIRECTION ( 'NONE',  ( 0.0000000000000000000, -1.000000000000000000, 0.0000000000000000000 ) ) ;
#903 = LINE ( 'NONE', #511, #1082 ) ;
#904 = VECTOR ( 'NONE', #889, 39.37007874015748143 ) ;
#905 = EDGE_LOOP ( 'NONE', ( #323, #1284, #669 ) ) ;
#906 = AXIS2_PLACEMENT_3D ( 'NONE', #110, #1013, #573 ) ;
#907 = ORIENTED_EDGE ( 'NONE', *, *, #662, .F. ) ;
#908 = CARTESIAN_POINT ( 'NONE',  ( 0.01000000000000000021, -0.02999999999999995032, -0.06000000000000001166 ) ) ;
#909 = CARTESIAN_POINT ( 'NONE',  ( -0.06241252143306304234, -0.01500000000000000291, 0.09057967304184449953 ) ) ;
#910 = PRESENTATION_LAYER_ASSIGNMENT (  '', '', ( #324 ) ) ;
#911 = DIRECTION ( 'NONE',  ( 0.0000000000000000000, 1.000000000000000000, 0.0000000000000000000 ) ) ;
#912 = DIRECTION ( 'NONE',  ( 0.0000000000000000000, 1.000000000000000000, 0.0000000000000000000 ) ) ;
#913 = UNCERTAINTY_MEASURE_WITH_UNIT (LENGTH_MEASURE( 1.000000000000000082E-05 ), #20, 'distance_accuracy_value', 'NONE');
#914 = DIRECTION ( 'NONE',  ( -0.0000000000000000000, 1.000000000000000000, -0.0000000000000000000 ) ) ;
#915 = CYLINDRICAL_SURFACE ( 'NONE', #63, 0.03000000000000000583 ) ;
#916 =( NAMED_UNIT ( * ) SI_UNIT ( $, .STERADIAN. ) SOLID_ANGLE_UNIT ( ) );
#917 = FACE_OUTER_BOUND ( 'NONE', #1470, .T. ) ;
#918 =( CONVERSION_BASED_UNIT ( 'INCH', #355 ) LENGTH_UNIT ( ) NAMED_UNIT ( #535 ) );
#919 = EDGE_CURVE ( 'NONE', #308, #1287, #634, .T. ) ;
#920 =( LENGTH_UNIT ( ) NAMED_UNIT ( * ) SI_UNIT ( $, .METRE. ) );
#921 = DIRECTION ( 'NONE',  ( 0.0000000000000000000, 1.000000000000000000, 0.0000000000000000000 ) ) ;
#922 = PRODUCT_DEFINITION_CONTEXT ( 'detailed design', #602, 'design' ) ;
#923 =( CONVERSION_BASED_UNIT ( 'INCH', #362 ) LENGTH_UNIT ( ) NAMED_UNIT ( #297 ) );
#924 = PRESENTATION_STYLE_ASSIGNMENT (( #10 ) ) ;
#925 = ORIENTED_EDGE ( 'NONE', *, *, #1405, .T. ) ;
#926 =( NAMED_UNIT ( * ) SI_UNIT ( $, .STERADIAN. ) SOLID_ANGLE_UNIT ( ) );
#927 = ORIENTED_EDGE ( 'NONE', *, *, #419, .F. ) ;
#928 = DIRECTION ( 'NONE',  ( 0.0000000000000000000, 0.0000000000000000000, 1.000000000000000000 ) ) ;
#929 = PLANE ( 'NONE',  #827 ) ;
#930 = LENGTH_MEASURE_WITH_UNIT ( LENGTH_MEASURE( 0.02539999999999999897 ), #1368 );
#931 = CARTESIAN_POINT ( 'NONE',  ( 0.0000000000000000000, 0.1404264068711924551, 0.0000000000000000000 ) ) ;
#932 =( NAMED_UNIT ( * ) PLANE_ANGLE_UNIT ( ) SI_UNIT ( $, .RADIAN. ) );
#933 = ORIENTED_EDGE ( 'NONE', *, *, #791, .F. ) ;
#934 = AXIS2_PLACEMENT_3D ( 'NONE', #908, #1021, #1144 ) ;
#935 = DIMENSIONAL_EXPONENTS ( 1.000000000000000000, 0.0000000000000000000, 0.0000000000000000000, 0.0000000000000000000, 0.0000000000000000000, 0.0000000000000000000, 0.0000000000000000000 ) ;
#936 = LINE ( 'NONE', #1475, #409 ) ;
#937 = DIRECTION ( 'NONE',  ( 1.000000000000000000, 0.0000000000000000000, 0.0000000000000000000 ) ) ;
#938 =( CONVERSION_BASED_UNIT ( 'INCH', #413 ) LENGTH_UNIT ( ) NAMED_UNIT ( #4 ) );
#939 = DIMENSIONAL_EXPONENTS ( 1.000000000000000000, 0.0000000000000000000, 0.0000000000000000000, 0.0000000000000000000, 0.0000000000000000000, 0.0000000000000000000, 0.0000000000000000000 ) ;
#940 = CARTESIAN_POINT ( 'NONE',  ( 1.126675055215565075E-17, 0.0000000000000000000, -0.09199999999999999845 ) ) ;
#941 = LINE ( 'NONE', #290, #383 ) ;
#942 = AXIS2_PLACEMENT_3D ( 'NONE', #764, #205, #872 ) ;
#943 = ORIENTED_EDGE ( 'NONE', *, *, #35, .T. ) ;
#944 = ADVANCED_FACE ( 'NONE', ( #687 ), #808, .F. ) ;
#945 = PRODUCT_CONTEXT ( 'NONE', #709, 'mechanical' ) ;
#946 = EDGE_CURVE ( 'NONE', #111, #248, #134, .T. ) ;
#947 = PRESENTATION_LAYER_ASSIGNMENT (  '', '', ( #80 ) ) ;
#948 = CARTESIAN_POINT ( 'NONE',  ( 7.592810154713590020E-18, 0.1404264068711924551, -0.06199999999999999956 ) ) ;
#949 = ADVANCED_FACE ( 'NONE', ( #851 ), #929, .F. ) ;
#950 = LINE ( 'NONE', #1229, #1281 ) ;
#951 = STYLED_ITEM ( 'NONE', ( #817 ), #1314 ) ;
#952 = CARTESIAN_POINT ( 'NONE',  ( 0.01000000000000000021, -0.05999999999999999778, -0.06000000000000001166 ) ) ;
#953 = ADVANCED_FACE ( 'NONE', ( #995 ), #1217, .T. ) ;
#954 = LENGTH_MEASURE_WITH_UNIT ( LENGTH_MEASURE( 0.02539999999999999897 ), #81 );
#955 = CIRCLE ( 'NONE', #980, 0.1100000000000000006 ) ;
#956 = VERTEX_POINT ( 'NONE', #1103 ) ;
#957 = UNCERTAINTY_MEASURE_WITH_UNIT (LENGTH_MEASURE( 1.000000000000000082E-05 ), #1270, 'distance_accuracy_value', 'NONE');
#958 =( CONVERSION_BASED_UNIT ( 'INCH', #1461 ) LENGTH_UNIT ( ) NAMED_UNIT ( #1322 ) );
#959 = VERTEX_POINT ( 'NONE', #1433 ) ;
#960 = VECTOR ( 'NONE', #1207, 39.37007874015748143 ) ;
#961 = FILL_AREA_STYLE ('',( #1083 ) ) ;
#962 = EDGE_CURVE ( 'NONE', #614, #450, #598, .T. ) ;
#963 = EDGE_CURVE ( 'NONE', #1187, #956, #439, .T. ) ;
#964 = CYLINDRICAL_SURFACE ( 'NONE', #19, 0.02000000000000000042 ) ;
#965 = ORIENTED_EDGE ( 'NONE', *, *, #1429, .T. ) ;
#966 = COLOUR_RGB ( '',1.000000000000000000, 1.000000000000000000, 1.000000000000000000 ) ;
#967 = VERTEX_POINT ( 'NONE', #193 ) ;
#968 = LENGTH_MEASURE_WITH_UNIT ( LENGTH_MEASURE( 0.02539999999999999897 ), #321 );
#969 = LINE ( 'NONE', #1035, #43 ) ;
#970 = PRESENTATION_LAYER_ASSIGNMENT (  '', '', ( #1434 ) ) ;
#971 = UNCERTAINTY_MEASURE_WITH_UNIT (LENGTH_MEASURE( 1.000000000000000082E-05 ), #1342, 'distance_accuracy_value', 'NONE');
#972 = ORIENTED_EDGE ( 'NONE', *, *, #888, .F. ) ;
#973 = CIRCLE ( 'NONE', #731, 0.1100000000000000006 ) ;
#974 = FILL_AREA_STYLE_COLOUR ( '', #541 ) ;
#975 = DIRECTION ( 'NONE',  ( 0.0000000000000000000, -1.241749088029210621E-16, 1.000000000000000000 ) ) ;
#976 = DIMENSIONAL_EXPONENTS ( 1.000000000000000000, 0.0000000000000000000, 0.0000000000000000000, 0.0000000000000000000, 0.0000000000000000000, 0.0000000000000000000, 0.0000000000000000000 ) ;
#977 = PRESENTATION_LAYER_ASSIGNMENT (  '', '', ( #627 ) ) ;
#978 = CARTESIAN_POINT ( 'NONE',  ( 0.01000000000000000021, 0.0000000000000000000, 0.0000000000000000000 ) ) ;
#979 = DIRECTION ( 'NONE',  ( 0.0000000000000000000, -0.0000000000000000000, -1.000000000000000000 ) ) ;
#980 = AXIS2_PLACEMENT_3D ( 'NONE', #572, #1039, #361 ) ;
#981 = SURFACE_SIDE_STYLE ('',( #424 ) ) ;
#982 = EDGE_CURVE ( 'NONE', #1033, #221, #779, .T. ) ;
#983 = FILL_AREA_STYLE_COLOUR ( '', #1007 ) ;
#984 =( NAMED_UNIT ( * ) PLANE_ANGLE_UNIT ( ) SI_UNIT ( $, .RADIAN. ) );
#985 = FACE_OUTER_BOUND ( 'NONE', #46, .T. ) ;
#986 = FACE_OUTER_BOUND ( 'NONE', #1128, .T. ) ;
#987 = VECTOR ( 'NONE', #254, 39.37007874015748143 ) ;
#988 = ORIENTED_EDGE ( 'NONE', *, *, #1100, .F. ) ;
#989 = EDGE_CURVE ( 'NONE', #111, #967, #92, .T. ) ;
#990 =( NAMED_UNIT ( * ) PLANE_ANGLE_UNIT ( ) SI_UNIT ( $, .RADIAN. ) );
#991 = ORIENTED_EDGE ( 'NONE', *, *, #315, .F. ) ;
#992 = VECTOR ( 'NONE', #589, 39.37007874015748143 ) ;
#993 = VERTEX_POINT ( 'NONE', #1228 ) ;
#994 = DIRECTION ( 'NONE',  ( 0.0000000000000000000, -0.0000000000000000000, 1.000000000000000000 ) ) ;
#995 = FACE_OUTER_BOUND ( 'NONE', #807, .T. ) ;
#996 = STYLED_ITEM ( 'NONE', ( #559 ), #51 ) ;
#997 = CARTESIAN_POINT ( 'NONE',  ( 0.04000000000000000083, -0.02999999999999999889, 0.04000000000000001471 ) ) ;
#998 =( NAMED_UNIT ( * ) SI_UNIT ( $, .STERADIAN. ) SOLID_ANGLE_UNIT ( ) );
#999 = DIMENSIONAL_EXPONENTS ( 1.000000000000000000, 0.0000000000000000000, 0.0000000000000000000, 0.0000000000000000000, 0.0000000000000000000, 0.0000000000000000000, 0.0000000000000000000 ) ;
#1000 =( CONVERSION_BASED_UNIT ( 'INCH', #595 ) LENGTH_UNIT ( ) NAMED_UNIT ( #610 ) );
#1001 = DIRECTION ( 'NONE',  ( -1.707404996040163969E-15, 0.0000000000000000000, 1.000000000000000000 ) ) ;
#1002 = SURFACE_SIDE_STYLE ('',( #222 ) ) ;
#1003 = MECHANICAL_DESIGN_GEOMETRIC_PRESENTATION_REPRESENTATION (  '', ( #80 ), #316 ) ;
#1004 = FILL_AREA_STYLE_COLOUR ( '', #333 ) ;
#1005 =( CONVERSION_BASED_UNIT ( 'INCH', #796 ) LENGTH_UNIT ( ) NAMED_UNIT ( #704 ) );
#1006 = LINE ( 'NONE', #1260, #1123 ) ;
#1007 = COLOUR_RGB ( '',0.5019607843137254832, 0.5019607843137254832, 0.5019607843137254832 ) ;
#1008 =( LENGTH_UNIT ( ) NAMED_UNIT ( * ) SI_UNIT ( $, .METRE. ) );
#1009 = COLOUR_RGB ( '',1.000000000000000000, 1.000000000000000000, 1.000000000000000000 ) ;
#1010 = ORIENTED_EDGE ( 'NONE', *, *, #864, .F. ) ;
#1011 = DIRECTION ( 'NONE',  ( 0.0000000000000000000, -0.0000000000000000000, 1.000000000000000000 ) ) ;
#1012 = CIRCLE ( 'NONE', #856, 0.06000000000000001166 ) ;
#1013 = DIRECTION ( 'NONE',  ( 0.0000000000000000000, -1.000000000000000000, 0.0000000000000000000 ) ) ;
#1014 = MECHANICAL_DESIGN_GEOMETRIC_PRESENTATION_REPRESENTATION (  '', ( #710 ), #1447 ) ;
#1015 = SURFACE_SIDE_STYLE ('',( #867 ) ) ;
#1016 =( GEOMETRIC_REPRESENTATION_CONTEXT ( 3 ) GLOBAL_UNCERTAINTY_ASSIGNED_CONTEXT ( ( #300 ) ) GLOBAL_UNIT_ASSIGNED_CONTEXT ( ( #1115, #440, #1234 ) ) REPRESENTATION_CONTEXT ( 'NONE', 'WORKASPACE' ) );
#1017 = CARTESIAN_POINT ( 'NONE',  ( 0.0000000000000000000, 0.0000000000000000000, 0.0000000000000000000 ) ) ;
#1018 = SURFACE_STYLE_USAGE ( .BOTH. , #792 ) ;
#1019 = DIRECTION ( 'NONE',  ( 0.0000000000000000000, 1.000000000000000000, 0.0000000000000000000 ) ) ;
#1020 = DIRECTION ( 'NONE',  ( -0.0000000000000000000, -0.0000000000000000000, -1.000000000000000000 ) ) ;
#1021 = DIRECTION ( 'NONE',  ( 0.0000000000000000000, -1.241749088029210621E-16, 1.000000000000000000 ) ) ;
#1022 = CARTESIAN_POINT ( 'NONE',  ( 1.347111479062088318E-17, -0.02999999999999999889, -0.1100000000000000006 ) ) ;
#1023 = FACE_OUTER_BOUND ( 'NONE', #526, .T. ) ;
#1024 = CARTESIAN_POINT ( 'NONE',  ( 0.01000000000000000021, -1.130000000000000115, 0.05999999999999987982 ) ) ;
#1025 = MECHANICAL_DESIGN_GEOMETRIC_PRESENTATION_REPRESENTATION (  '', ( #537 ), #1107 ) ;
#1026 =( NAMED_UNIT ( * ) PLANE_ANGLE_UNIT ( ) SI_UNIT ( $, .RADIAN. ) );
#1027 =( CONVERSION_BASED_UNIT ( 'INCH', #1417 ) LENGTH_UNIT ( ) NAMED_UNIT ( #319 ) );
#1028 = CARTESIAN_POINT ( 'NONE',  ( -0.01000000000000000021, -1.130000000000000115, -0.04000000000000015349 ) ) ;
#1029 = DIMENSIONAL_EXPONENTS ( 1.000000000000000000, 0.0000000000000000000, 0.0000000000000000000, 0.0000000000000000000, 0.0000000000000000000, 0.0000000000000000000, 0.0000000000000000000 ) ;
#1030 = SURFACE_STYLE_FILL_AREA ( #474 ) ;
#1031 =( NAMED_UNIT ( * ) SI_UNIT ( $, .STERADIAN. ) SOLID_ANGLE_UNIT ( ) );
#1032 = EDGE_LOOP ( 'NONE', ( #42, #1072, #169, #848 ) ) ;
#1033 = VERTEX_POINT ( 'NONE', #213 ) ;
#1034 = VECTOR ( 'NONE', #112, 39.37007874015748143 ) ;
#1035 = CARTESIAN_POINT ( 'NONE',  ( -0.01000000000000000021, -0.05999999999999999778, 0.0000000000000000000 ) ) ;
#1036 = DIRECTION ( 'NONE',  ( -1.000000000000000000, 0.0000000000000000000, 0.0000000000000000000 ) ) ;
#1037 = EDGE_LOOP ( 'NONE', ( #82, #1449, #1192, #799 ) ) ;
#1038 = DIRECTION ( 'NONE',  ( 1.000000000000000000, 0.0000000000000000000, 0.0000000000000000000 ) ) ;
#1039 = DIRECTION ( 'NONE',  ( 0.0000000000000000000, 1.000000000000000000, 0.0000000000000000000 ) ) ;
#1040 = CARTESIAN_POINT ( 'NONE',  ( 0.04000000000000000083, -0.05999999999999999778, 0.0000000000000000000 ) ) ;
#1041 =( GEOMETRIC_REPRESENTATION_CONTEXT ( 3 ) GLOBAL_UNCERTAINTY_ASSIGNED_CONTEXT ( ( #1171 ) ) GLOBAL_UNIT_ASSIGNED_CONTEXT ( ( #494, #932, #586 ) ) REPRESENTATION_CONTEXT ( 'NONE', 'WORKASPACE' ) );
#1042 = FILL_AREA_STYLE ('',( #358 ) ) ;
#1043 = FILL_AREA_STYLE ('',( #803 ) ) ;
#1044 = DIRECTION ( 'NONE',  ( -0.0000000000000000000, -0.0000000000000000000, -1.000000000000000000 ) ) ;
#1045 = CARTESIAN_POINT ( 'NONE',  ( 0.0000000000000000000, 0.2200000000000000011, 0.09199999999999999845 ) ) ;
#1046 = FILL_AREA_STYLE ('',( #263 ) ) ;
#1047 = EDGE_CURVE ( 'NONE', #1218, #306, #104, .T. ) ;
#1048 =( GEOMETRIC_REPRESENTATION_CONTEXT ( 3 ) GLOBAL_UNCERTAINTY_ASSIGNED_CONTEXT ( ( #498 ) ) GLOBAL_UNIT_ASSIGNED_CONTEXT ( ( #521, #68, #642 ) ) REPRESENTATION_CONTEXT ( 'NONE', 'WORKASPACE' ) );
#1049 = CARTESIAN_POINT ( 'NONE',  ( 0.01000000000000000021, -0.06000000000000004635, -0.01000000000000002102 ) ) ;
#1050 = ORIENTED_EDGE ( 'NONE', *, *, #115, .T. ) ;
#1051 = PRESENTATION_STYLE_ASSIGNMENT (( #377 ) ) ;
#1052 = CIRCLE ( 'NONE', #332, 0.1100000000000000006 ) ;
#1053 = VERTEX_POINT ( 'NONE', #633 ) ;
#1054 = ORIENTED_EDGE ( 'NONE', *, *, #989, .F. ) ;
#1055 = UNCERTAINTY_MEASURE_WITH_UNIT (LENGTH_MEASURE( 1.000000000000000082E-05 ), #1067, 'distance_accuracy_value', 'NONE');
#1056 = PRESENTATION_STYLE_ASSIGNMENT (( #727 ) ) ;
#1057 = EDGE_CURVE ( 'NONE', #1104, #1276, #295, .T. ) ;
#1058 = CARTESIAN_POINT ( 'NONE',  ( 1.347111479062088318E-17, -0.02999999999999999889, -0.1100000000000000006 ) ) ;
#1059 = AXIS2_PLACEMENT_3D ( 'NONE', #173, #1064, #166 ) ;
#1060 = ORIENTED_EDGE ( 'NONE', *, *, #1405, .F. ) ;
#1061 = DIRECTION ( 'NONE',  ( 1.000000000000000000, -0.0000000000000000000, 0.0000000000000000000 ) ) ;
#1062 = PRESENTATION_LAYER_ASSIGNMENT (  '', '', ( #1419 ) ) ;
#1063 = CARTESIAN_POINT ( 'NONE',  ( -0.01000000000000000021, -0.04242640687119284687, 0.04000000000000002165 ) ) ;
#1064 = DIRECTION ( 'NONE',  ( -1.000000000000000000, 0.0000000000000000000, 0.0000000000000000000 ) ) ;
#1065 = ADVANCED_FACE ( 'NONE', ( #1167 ), #1481, .T. ) ;
#1066 = AXIS2_PLACEMENT_3D ( 'NONE', #1148, #3, #476 ) ;
#1067 =( CONVERSION_BASED_UNIT ( 'INCH', #250 ) LENGTH_UNIT ( ) NAMED_UNIT ( #408 ) );
#1068 = DIRECTION ( 'NONE',  ( -0.0000000000000000000, 1.000000000000000000, -0.0000000000000000000 ) ) ;
#1069 = CIRCLE ( 'NONE', #618, 0.09200000000000001232 ) ;
#1070 = EDGE_CURVE ( 'NONE', #1269, #306, #1198, .T. ) ;
#1071 = VERTEX_POINT ( 'NONE', #1424 ) ;
#1072 = ORIENTED_EDGE ( 'NONE', *, *, #1238, .F. ) ;
#1073 = FILL_AREA_STYLE ('',( #720 ) ) ;
#1074 = ADVANCED_FACE ( 'NONE', ( #1371 ), #566, .T. ) ;
#1075 = ORIENTED_EDGE ( 'NONE', *, *, #756, .T. ) ;
#1076 = DIRECTION ( 'NONE',  ( -1.000000000000000000, 0.0000000000000000000, 0.0000000000000000000 ) ) ;
#1077 = CIRCLE ( 'NONE', #900, 0.03000000000000002318 ) ;
#1078 = COLOUR_RGB ( '',1.000000000000000000, 1.000000000000000000, 1.000000000000000000 ) ;
#1079 =( NAMED_UNIT ( * ) SI_UNIT ( $, .STERADIAN. ) SOLID_ANGLE_UNIT ( ) );
#1080 = VECTOR ( 'NONE', #902, 39.37007874015748143 ) ;
#1081 = STYLED_ITEM ( 'NONE', ( #547 ), #949 ) ;
#1082 = VECTOR ( 'NONE', #1402, 39.37007874015748143 ) ;
#1083 = FILL_AREA_STYLE_COLOUR ( '', #88 ) ;
#1084 = ADVANCED_FACE ( 'NONE', ( #836 ), #607, .T. ) ;
#1085 = ORIENTED_EDGE ( 'NONE', *, *, #1, .F. ) ;
#1086 = PRESENTATION_LAYER_ASSIGNMENT (  '', '', ( #672 ) ) ;
#1087 = SURFACE_STYLE_FILL_AREA ( #246 ) ;
#1088 = ORIENTED_EDGE ( 'NONE', *, *, #1047, .T. ) ;
#1089 = MECHANICAL_DESIGN_GEOMETRIC_PRESENTATION_REPRESENTATION (  '', ( #1474 ), #831 ) ;
#1090 = CARTESIAN_POINT ( 'NONE',  ( -0.01000000000000000021, -0.06000000000000004635, -0.04000000000000001471 ) ) ;
#1091 = DIMENSIONAL_EXPONENTS ( 1.000000000000000000, 0.0000000000000000000, 0.0000000000000000000, 0.0000000000000000000, 0.0000000000000000000, 0.0000000000000000000, 0.0000000000000000000 ) ;
#1092 = ORIENTED_EDGE ( 'NONE', *, *, #468, .F. ) ;
#1093 = CARTESIAN_POINT ( 'NONE',  ( -0.01000000000000000021, -0.05999999999999999778, -0.06000000000000001166 ) ) ;
#1094 = DIRECTION ( 'NONE',  ( 0.0000000000000000000, 0.0000000000000000000, 1.000000000000000000 ) ) ;
#1095 = MECHANICAL_DESIGN_GEOMETRIC_PRESENTATION_REPRESENTATION (  '', ( #1223 ), #553 ) ;
#1096 =( GEOMETRIC_REPRESENTATION_CONTEXT ( 3 ) GLOBAL_UNCERTAINTY_ASSIGNED_CONTEXT ( ( #170 ) ) GLOBAL_UNIT_ASSIGNED_CONTEXT ( ( #762, #1452, #1457 ) ) REPRESENTATION_CONTEXT ( 'NONE', 'WORKASPACE' ) );
#1097 = DIMENSIONAL_EXPONENTS ( 1.000000000000000000, 0.0000000000000000000, 0.0000000000000000000, 0.0000000000000000000, 0.0000000000000000000, 0.0000000000000000000, 0.0000000000000000000 ) ;
#1098 = PRESENTATION_STYLE_ASSIGNMENT (( #561 ) ) ;
#1099 = DIRECTION ( 'NONE',  ( -0.0000000000000000000, 1.000000000000000000, -0.0000000000000000000 ) ) ;
#1100 = EDGE_CURVE ( 'NONE', #186, #227, #903, .T. ) ;
#1101 = VECTOR ( 'NONE', #865, 39.37007874015748143 ) ;
#1102 = DIRECTION ( 'NONE',  ( -0.0000000000000000000, 1.000000000000000000, -0.0000000000000000000 ) ) ;
#1103 = CARTESIAN_POINT ( 'NONE',  ( 0.0000000000000000000, 0.0000000000000000000, 0.09199999999999999845 ) ) ;
#1104 = VERTEX_POINT ( 'NONE', #1307 ) ;
#1105 = CIRCLE ( 'NONE', #1346, 0.1100000000000000006 ) ;
#1106 = FACE_OUTER_BOUND ( 'NONE', #1109, .T. ) ;
#1107 =( GEOMETRIC_REPRESENTATION_CONTEXT ( 3 ) GLOBAL_UNCERTAINTY_ASSIGNED_CONTEXT ( ( #643 ) ) GLOBAL_UNIT_ASSIGNED_CONTEXT ( ( #619, #1312, #1194 ) ) REPRESENTATION_CONTEXT ( 'NONE', 'WORKASPACE' ) );
#1108 = FILL_AREA_STYLE_COLOUR ( '', #877 ) ;
#1109 = EDGE_LOOP ( 'NONE', ( #467, #1255, #852, #398 ) ) ;
#1110 = VERTEX_POINT ( 'NONE', #275 ) ;
#1111 = CARTESIAN_POINT ( 'NONE',  ( -0.04000000000000000083, -0.02999999999999999889, -0.09000000000000001055 ) ) ;
#1112 =( NAMED_UNIT ( * ) PLANE_ANGLE_UNIT ( ) SI_UNIT ( $, .RADIAN. ) );
#1113 = DIRECTION ( 'NONE',  ( -0.0000000000000000000, 1.000000000000000000, -0.0000000000000000000 ) ) ;
#1114 =( NAMED_UNIT ( * ) SI_UNIT ( $, .STERADIAN. ) SOLID_ANGLE_UNIT ( ) );
#1115 =( CONVERSION_BASED_UNIT ( 'INCH', #426 ) LENGTH_UNIT ( ) NAMED_UNIT ( #999 ) );
#1116 = MECHANICAL_DESIGN_GEOMETRIC_PRESENTATION_REPRESENTATION (  '', ( #1369 ), #1195 ) ;
#1117 = COLOUR_RGB ( '',1.000000000000000000, 1.000000000000000000, 1.000000000000000000 ) ;
#1118 = DIRECTION ( 'NONE',  ( -0.0000000000000000000, -1.000000000000000000, -0.0000000000000000000 ) ) ;
#1119 =( GEOMETRIC_REPRESENTATION_CONTEXT ( 3 ) GLOBAL_UNCERTAINTY_ASSIGNED_CONTEXT ( ( #1231 ) ) GLOBAL_UNIT_ASSIGNED_CONTEXT ( ( #90, #1242, #1130 ) ) REPRESENTATION_CONTEXT ( 'NONE', 'WORKASPACE' ) );
#1120 = DIRECTION ( 'NONE',  ( -0.0000000000000000000, 1.000000000000000000, 1.241749088029210375E-16 ) ) ;
#1121 = UNCERTAINTY_MEASURE_WITH_UNIT (LENGTH_MEASURE( 1.000000000000000082E-05 ), #120, 'distance_accuracy_value', 'NONE');
#1122 =( GEOMETRIC_REPRESENTATION_CONTEXT ( 3 ) GLOBAL_UNCERTAINTY_ASSIGNED_CONTEXT ( ( #1428 ) ) GLOBAL_UNIT_ASSIGNED_CONTEXT ( ( #460, #271, #570 ) ) REPRESENTATION_CONTEXT ( 'NONE', 'WORKASPACE' ) );
#1123 = VECTOR ( 'NONE', #364, 39.37007874015748143 ) ;
#1124 = EDGE_CURVE ( 'NONE', #956, #1187, #1183, .T. ) ;
#1125 = CARTESIAN_POINT ( 'NONE',  ( 0.0000000000000000000, 0.1404264068711924551, 0.0000000000000000000 ) ) ;
#1126 = EDGE_LOOP ( 'NONE', ( #371, #838, #1353, #1165 ) ) ;
#1127 = COLOUR_RGB ( '',1.000000000000000000, 1.000000000000000000, 1.000000000000000000 ) ;
#1128 = EDGE_LOOP ( 'NONE', ( #1252, #972, #706, #1092 ) ) ;
#1129 = EDGE_CURVE ( 'NONE', #624, #1110, #345, .T. ) ;
#1130 =( NAMED_UNIT ( * ) SI_UNIT ( $, .STERADIAN. ) SOLID_ANGLE_UNIT ( ) );
#1131 =( LENGTH_UNIT ( ) NAMED_UNIT ( * ) SI_UNIT ( $, .METRE. ) );
#1132 = EDGE_CURVE ( 'NONE', #1104, #400, #307, .T. ) ;
#1133 = CARTESIAN_POINT ( 'NONE',  ( 0.01000000000000000021, -0.06000000000000004635, -0.04000000000000001471 ) ) ;
#1134 = DIRECTION ( 'NONE',  ( -1.000000000000000000, 0.0000000000000000000, 0.0000000000000000000 ) ) ;
#1135 = VECTOR ( 'NONE', #195, 39.37007874015748143 ) ;
#1136 =( GEOMETRIC_REPRESENTATION_CONTEXT ( 3 ) GLOBAL_UNCERTAINTY_ASSIGNED_CONTEXT ( ( #289 ) ) GLOBAL_UNIT_ASSIGNED_CONTEXT ( ( #1000, #665, #1468 ) ) REPRESENTATION_CONTEXT ( 'NONE', 'WORKASPACE' ) );
#1137 = UNCERTAINTY_MEASURE_WITH_UNIT (LENGTH_MEASURE( 1.000000000000000082E-05 ), #918, 'distance_accuracy_value', 'NONE');
#1138 = DIRECTION ( 'NONE',  ( -0.0000000000000000000, 1.000000000000000000, -0.0000000000000000000 ) ) ;
#1139 = CARTESIAN_POINT ( 'NONE',  ( -0.01000000000000000021, -1.130000000000000115, 0.03999999999999988287 ) ) ;
#1140 = COLOUR_RGB ( '',0.5019607843137254832, 0.5019607843137254832, 0.5019607843137254832 ) ;
#1141 = CARTESIAN_POINT ( 'NONE',  ( -0.04000000000000000083, -0.02999999999999999889, 0.01000000000000001235 ) ) ;
#1142 = LENGTH_MEASURE_WITH_UNIT ( LENGTH_MEASURE( 0.02539999999999999897 ), #605 );
#1143 = STYLED_ITEM ( 'NONE', ( #795 ), #1296 ) ;
#1144 = DIRECTION ( 'NONE',  ( 0.0000000000000000000, -1.000000000000000000, -1.241749088029210621E-16 ) ) ;
#1145 = SURFACE_STYLE_FILL_AREA ( #961 ) ;
#1146 = PRESENTATION_STYLE_ASSIGNMENT (( #1486 ) ) ;
#1147 = EDGE_LOOP ( 'NONE', ( #594, #503, #1204, #1462 ) ) ;
#1148 = CARTESIAN_POINT ( 'NONE',  ( 0.01000000000000000021, -1.130000000000000115, 0.05999999999999987982 ) ) ;
#1149 = FILL_AREA_STYLE_COLOUR ( '', #1186 ) ;
#1150 = ORIENTED_EDGE ( 'NONE', *, *, #616, .F. ) ;
#1151 =( CONVERSION_BASED_UNIT ( 'INCH', #609 ) LENGTH_UNIT ( ) NAMED_UNIT ( #858 ) );
#1152 = EDGE_CURVE ( 'NONE', #1308, #1370, #1390, .T. ) ;
#1153 = CARTESIAN_POINT ( 'NONE',  ( 0.0000000000000000000, 0.2200000000000000011, -3.673940397442059960E-18 ) ) ;
#1154 = CARTESIAN_POINT ( 'NONE',  ( 0.0000000000000000000, 0.0000000000000000000, 0.0000000000000000000 ) ) ;
#1155 = FILL_AREA_STYLE_COLOUR ( '', #499 ) ;
#1156 = EDGE_CURVE ( 'NONE', #1224, #1071, #283, .T. ) ;
#1157 = DIRECTION ( 'NONE',  ( 0.0000000000000000000, -0.0000000000000000000, 1.000000000000000000 ) ) ;
#1158 =( NAMED_UNIT ( * ) PLANE_ANGLE_UNIT ( ) SI_UNIT ( $, .RADIAN. ) );
#1159 = SURFACE_STYLE_FILL_AREA ( #629 ) ;
#1160 = EDGE_CURVE ( 'NONE', #624, #1335, #941, .T. ) ;
#1161 = CARTESIAN_POINT ( 'NONE',  ( -0.04000000000000000083, -0.02999999999999999889, 0.08999999999999999667 ) ) ;
#1162 = DIRECTION ( 'NONE',  ( 0.0000000000000000000, 1.000000000000000000, 0.0000000000000000000 ) ) ;
#1163 = CYLINDRICAL_SURFACE ( 'NONE', #674, 0.02999999999999999889 ) ;
#1164 = SURFACE_STYLE_FILL_AREA ( #1073 ) ;
#1165 = ORIENTED_EDGE ( 'NONE', *, *, #315, .T. ) ;
#1166 =( NAMED_UNIT ( * ) PLANE_ANGLE_UNIT ( ) SI_UNIT ( $, .RADIAN. ) );
#1167 = FACE_OUTER_BOUND ( 'NONE', #1394, .T. ) ;
#1168 = ORIENTED_EDGE ( 'NONE', *, *, #157, .F. ) ;
#1169 = SURFACE_STYLE_USAGE ( .BOTH. , #29 ) ;
#1170 = MECHANICAL_DESIGN_GEOMETRIC_PRESENTATION_REPRESENTATION (  '', ( #62 ), #853 ) ;
#1171 = UNCERTAINTY_MEASURE_WITH_UNIT (LENGTH_MEASURE( 1.000000000000000082E-05 ), #494, 'distance_accuracy_value', 'NONE');
#1172 = SURFACE_SIDE_STYLE ('',( #1349 ) ) ;
#1173 = CIRCLE ( 'NONE', #546, 0.02000000000000000736 ) ;
#1174 = DIRECTION ( 'NONE',  ( 0.0000000000000000000, 0.0000000000000000000, 1.000000000000000000 ) ) ;
#1175 = DIRECTION ( 'NONE',  ( 1.000000000000000000, 0.0000000000000000000, 0.0000000000000000000 ) ) ;
#1176 = AXIS2_PLACEMENT_3D ( 'NONE', #16, #491, #1290 ) ;
#1177 =( LENGTH_UNIT ( ) NAMED_UNIT ( * ) SI_UNIT ( $, .METRE. ) );
#1178 = STYLED_ITEM ( 'NONE', ( #1386 ), #60 ) ;
#1179 = DIMENSIONAL_EXPONENTS ( 1.000000000000000000, 0.0000000000000000000, 0.0000000000000000000, 0.0000000000000000000, 0.0000000000000000000, 0.0000000000000000000, 0.0000000000000000000 ) ;
#1180 = DIRECTION ( 'NONE',  ( -0.0000000000000000000, 1.000000000000000000, -0.0000000000000000000 ) ) ;
#1181 = VECTOR ( 'NONE', #478, 39.37007874015748143 ) ;
#1182 = LENGTH_MEASURE_WITH_UNIT ( LENGTH_MEASURE( 0.02539999999999999897 ), #1131 );
#1183 = CIRCLE ( 'NONE', #1332, 0.09199999999999999845 ) ;
#1184 = COLOUR_RGB ( '',0.5019607843137254832, 0.5019607843137254832, 0.5019607843137254832 ) ;
#1185 = DIRECTION ( 'NONE',  ( -1.000000000000000000, -0.0000000000000000000, -0.0000000000000000000 ) ) ;
#1186 = COLOUR_RGB ( '',0.5019607843137254832, 0.5019607843137254832, 0.5019607843137254832 ) ;
#1187 = VERTEX_POINT ( 'NONE', #940 ) ;
#1188 = EDGE_CURVE ( 'NONE', #450, #221, #125, .T. ) ;
#1189 = PRESENTATION_LAYER_ASSIGNMENT (  '', '', ( #381 ) ) ;
#1190 = UNCERTAINTY_MEASURE_WITH_UNIT (LENGTH_MEASURE( 1.000000000000000082E-05 ), #391, 'distance_accuracy_value', 'NONE');
#1191 = CARTESIAN_POINT ( 'NONE',  ( 0.009999999999999998473, -0.04242640687119284687, -0.06000000000000001860 ) ) ;
#1192 = ORIENTED_EDGE ( 'NONE', *, *, #1356, .T. ) ;
#1193 = DIRECTION ( 'NONE',  ( 0.0000000000000000000, -1.000000000000000000, 0.0000000000000000000 ) ) ;
#1194 =( NAMED_UNIT ( * ) SI_UNIT ( $, .STERADIAN. ) SOLID_ANGLE_UNIT ( ) );
#1195 =( GEOMETRIC_REPRESENTATION_CONTEXT ( 3 ) GLOBAL_UNCERTAINTY_ASSIGNED_CONTEXT ( ( #1190 ) ) GLOBAL_UNIT_ASSIGNED_CONTEXT ( ( #391, #696, #138 ) ) REPRESENTATION_CONTEXT ( 'NONE', 'WORKASPACE' ) );
#1196 = CARTESIAN_POINT ( 'NONE',  ( 0.01000000000000000021, -0.02999999999999999889, 0.08999999999999999667 ) ) ;
#1197 = MECHANICAL_DESIGN_GEOMETRIC_PRESENTATION_REPRESENTATION (  '', ( #828 ), #1295 ) ;
#1198 = LINE ( 'NONE', #854, #292 ) ;
#1199 = ORIENTED_EDGE ( 'NONE', *, *, #509, .T. ) ;
#1200 = AXIS2_PLACEMENT_3D ( 'NONE', #1373, #128, #256 ) ;
#1201 =( LENGTH_UNIT ( ) NAMED_UNIT ( * ) SI_UNIT ( $, .METRE. ) );
#1202 = EDGE_CURVE ( 'NONE', #1276, #1104, #1069, .T. ) ;
#1203 = ADVANCED_FACE ( 'NONE', ( #39 ), #794, .F. ) ;
#1204 = ORIENTED_EDGE ( 'NONE', *, *, #211, .T. ) ;
#1205 = CARTESIAN_POINT ( 'NONE',  ( -0.04000000000000000083, -0.02999999999999999889, -0.01000000000000002102 ) ) ;
#1206 = CARTESIAN_POINT ( 'NONE',  ( -0.01000000000000000021, -0.02999999999999995032, -0.06000000000000001166 ) ) ;
#1207 = DIRECTION ( 'NONE',  ( 1.000000000000000000, -0.0000000000000000000, -0.0000000000000000000 ) ) ;
#1208 = DIMENSIONAL_EXPONENTS ( 1.000000000000000000, 0.0000000000000000000, 0.0000000000000000000, 0.0000000000000000000, 0.0000000000000000000, 0.0000000000000000000, 0.0000000000000000000 ) ;
#1209 = AXIS2_PLACEMENT_3D ( 'NONE', #802, #921, #693 ) ;
#1210 = VECTOR ( 'NONE', #1036, 39.37007874015748143 ) ;
#1211 = PRESENTATION_STYLE_ASSIGNMENT (( #252 ) ) ;
#1212 = CYLINDRICAL_SURFACE ( 'NONE', #97, 0.02999999999999999889 ) ;
#1213 = CARTESIAN_POINT ( 'NONE',  ( -0.04000000000000000083, -0.02999999999999999889, 0.0000000000000000000 ) ) ;
#1214 = VECTOR ( 'NONE', #1261, 39.37007874015748143 ) ;
#1215 = ORIENTED_EDGE ( 'NONE', *, *, #1330, .T. ) ;
#1216 = FACE_OUTER_BOUND ( 'NONE', #226, .T. ) ;
#1217 = PLANE ( 'NONE',  #718 ) ;
#1218 = VERTEX_POINT ( 'NONE', #575 ) ;
#1219 =( GEOMETRIC_REPRESENTATION_CONTEXT ( 3 ) GLOBAL_UNCERTAINTY_ASSIGNED_CONTEXT ( ( #1055 ) ) GLOBAL_UNIT_ASSIGNED_CONTEXT ( ( #1067, #2, #578 ) ) REPRESENTATION_CONTEXT ( 'NONE', 'WORKASPACE' ) );
#1220 = SURFACE_SIDE_STYLE ('',( #524 ) ) ;
#1221 = CARTESIAN_POINT ( 'NONE',  ( -0.04000000000000000083, -0.02999999999999999889, -0.09000000000000001055 ) ) ;
#1222 = CARTESIAN_POINT ( 'NONE',  ( -0.01000000000000000021, 0.0000000000000000000, 0.0000000000000000000 ) ) ;
#1223 = STYLED_ITEM ( 'NONE', ( #668 ), #510 ) ;
#1224 = VERTEX_POINT ( 'NONE', #1161 ) ;
#1225 = CARTESIAN_POINT ( 'NONE',  ( 0.0000000000000000000, -0.05999999999999999778, -0.09000000000000001055 ) ) ;
#1226 = PLANE ( 'NONE',  #676 ) ;
#1227 = SURFACE_STYLE_USAGE ( .BOTH. , #208 ) ;
#1228 = CARTESIAN_POINT ( 'NONE',  ( 0.01000000000000000021, -1.130000000000000115, -0.06000000000000014350 ) ) ;
#1229 = CARTESIAN_POINT ( 'NONE',  ( -0.01000000000000000021, -1.130000000000000115, 0.05999999999999987982 ) ) ;
#1230 = FILL_AREA_STYLE ('',( #1327 ) ) ;
#1231 = UNCERTAINTY_MEASURE_WITH_UNIT (LENGTH_MEASURE( 1.000000000000000082E-05 ), #90, 'distance_accuracy_value', 'NONE');
#1232 = COLOUR_RGB ( '',0.5019607843137254832, 0.5019607843137254832, 0.5019607843137254832 ) ;
#1233 = LINE ( 'NONE', #1367, #847 ) ;
#1234 =( NAMED_UNIT ( * ) SI_UNIT ( $, .STERADIAN. ) SOLID_ANGLE_UNIT ( ) );
#1235 = FACE_OUTER_BOUND ( 'NONE', #801, .T. ) ;
#1236 = EDGE_LOOP ( 'NONE', ( #434, #870, #201, #366 ) ) ;
#1237 = LENGTH_MEASURE_WITH_UNIT ( LENGTH_MEASURE( 0.02539999999999999897 ), #446 );
#1238 = EDGE_CURVE ( 'NONE', #221, #514, #632, .T. ) ;
#1239 = FILL_AREA_STYLE ('',( #1004 ) ) ;
#1240 = ORIENTED_EDGE ( 'NONE', *, *, #419, .T. ) ;
#1241 = COLOUR_RGB ( '',1.000000000000000000, 1.000000000000000000, 1.000000000000000000 ) ;
#1242 =( NAMED_UNIT ( * ) PLANE_ANGLE_UNIT ( ) SI_UNIT ( $, .RADIAN. ) );
#1243 =( CONVERSION_BASED_UNIT ( 'INCH', #1182 ) LENGTH_UNIT ( ) NAMED_UNIT ( #387 ) );
#1244 = CARTESIAN_POINT ( 'NONE',  ( 0.009999999999999984596, -0.04242640687119289544, 0.05999999999999998390 ) ) ;
#1245 = AXIS2_PLACEMENT_3D ( 'NONE', #552, #556, #1257 ) ;
#1246 = DIRECTION ( 'NONE',  ( 0.0000000000000000000, 1.000000000000000000, 0.0000000000000000000 ) ) ;
#1247 = DIRECTION ( 'NONE',  ( -0.0000000000000000000, 1.000000000000000000, -0.0000000000000000000 ) ) ;
#1248 = FILL_AREA_STYLE ('',( #475 ) ) ;
#1249 = UNCERTAINTY_MEASURE_WITH_UNIT (LENGTH_MEASURE( 1.000000000000000082E-05 ), #259, 'distance_accuracy_value', 'NONE');
#1250 = FACE_OUTER_BOUND ( 'NONE', #310, .T. ) ;
#1251 = SURFACE_STYLE_FILL_AREA ( #1487 ) ;
#1252 = ORIENTED_EDGE ( 'NONE', *, *, #343, .T. ) ;
#1253 = PRESENTATION_STYLE_ASSIGNMENT (( #368 ) ) ;
#1254 = ORIENTED_EDGE ( 'NONE', *, *, #103, .F. ) ;
#1255 = ORIENTED_EDGE ( 'NONE', *, *, #982, .F. ) ;
#1256 = FILL_AREA_STYLE ('',( #1359 ) ) ;
#1257 = DIRECTION ( 'NONE',  ( 0.0000000000000000000, 0.0000000000000000000, 1.000000000000000000 ) ) ;
#1258 = EDGE_CURVE ( 'NONE', #1370, #1269, #833, .T. ) ;
#1259 = PLANE ( 'NONE',  #1066 ) ;
#1260 = CARTESIAN_POINT ( 'NONE',  ( 0.01000000000000000021, -0.05999999999999999778, 0.06000000000000001166 ) ) ;
#1261 = DIRECTION ( 'NONE',  ( -0.0000000000000000000, -1.000000000000000000, -1.164139770027384973E-16 ) ) ;
#1262 = LINE ( 'NONE', #774, #32 ) ;
#1263 = MECHANICAL_DESIGN_GEOMETRIC_PRESENTATION_REPRESENTATION (  '', ( #381 ), #480 ) ;
#1264 = CARTESIAN_POINT ( 'NONE',  ( -0.01000000000000000021, -0.03000000000000001624, 0.04000000000000001471 ) ) ;
#1265 = SURFACE_SIDE_STYLE ('',( #291 ) ) ;
#1266 = DIRECTION ( 'NONE',  ( -1.000000000000000000, 0.0000000000000000000, 0.0000000000000000000 ) ) ;
#1267 = VECTOR ( 'NONE', #857, 39.37007874015748143 ) ;
#1268 = FILL_AREA_STYLE ('',( #105 ) ) ;
#1269 = VERTEX_POINT ( 'NONE', #1385 ) ;
#1270 =( CONVERSION_BASED_UNIT ( 'INCH', #531 ) LENGTH_UNIT ( ) NAMED_UNIT ( #1029 ) );
#1271 = CARTESIAN_POINT ( 'NONE',  ( 0.0000000000000000000, -0.02999999999999999889, 0.0000000000000000000 ) ) ;
#1272 =( GEOMETRIC_REPRESENTATION_CONTEXT ( 3 ) GLOBAL_UNCERTAINTY_ASSIGNED_CONTEXT ( ( #754 ) ) GLOBAL_UNIT_ASSIGNED_CONTEXT ( ( #303, #1435, #1114 ) ) REPRESENTATION_CONTEXT ( 'NONE', 'WORKASPACE' ) );
#1273 =( LENGTH_UNIT ( ) NAMED_UNIT ( * ) SI_UNIT ( $, .METRE. ) );
#1274 = AXIS2_PLACEMENT_3D ( 'NONE', #447, #1113, #442 ) ;
#1275 = FILL_AREA_STYLE_COLOUR ( '', #83 ) ;
#1276 = VERTEX_POINT ( 'NONE', #682 ) ;
#1277 = PRESENTATION_LAYER_ASSIGNMENT (  '', '', ( #951 ) ) ;
#1278 = UNCERTAINTY_MEASURE_WITH_UNIT (LENGTH_MEASURE( 1.000000000000000082E-05 ), #679, 'distance_accuracy_value', 'NONE');
#1279 = CARTESIAN_POINT ( 'NONE',  ( 0.01000000000000000021, 0.0000000000000000000, 0.0000000000000000000 ) ) ;
#1280 = SURFACE_SIDE_STYLE ('',( #724 ) ) ;
#1281 = VECTOR ( 'NONE', #891, 39.37007874015748143 ) ;
#1282 =( CONVERSION_BASED_UNIT ( 'INCH', #1406 ) LENGTH_UNIT ( ) NAMED_UNIT ( #772 ) );
#1283 = LINE ( 'NONE', #1022, #621 ) ;
#1284 = ORIENTED_EDGE ( 'NONE', *, *, #1, .T. ) ;
#1285 = PRESENTATION_STYLE_ASSIGNMENT (( #822 ) ) ;
#1286 = CIRCLE ( 'NONE', #806, 0.1100000000000000006 ) ;
#1287 = VERTEX_POINT ( 'NONE', #7 ) ;
#1288 = EDGE_CURVE ( 'NONE', #308, #1308, #339, .T. ) ;
#1289 = PRESENTATION_STYLE_ASSIGNMENT (( #338 ) ) ;
#1290 = DIRECTION ( 'NONE',  ( 0.0000000000000000000, 1.000000000000000000, 1.241749088029210621E-16 ) ) ;
#1291 = ORIENTED_EDGE ( 'NONE', *, *, #896, .T. ) ;
#1292 =( LENGTH_UNIT ( ) NAMED_UNIT ( * ) SI_UNIT ( $, .METRE. ) );
#1293 = AXIS2_PLACEMENT_3D ( 'NONE', #948, #288, #1416 ) ;
#1294 =( NAMED_UNIT ( * ) SI_UNIT ( $, .STERADIAN. ) SOLID_ANGLE_UNIT ( ) );
#1295 =( GEOMETRIC_REPRESENTATION_CONTEXT ( 3 ) GLOBAL_UNCERTAINTY_ASSIGNED_CONTEXT ( ( #844 ) ) GLOBAL_UNIT_ASSIGNED_CONTEXT ( ( #539, #650, #216 ) ) REPRESENTATION_CONTEXT ( 'NONE', 'WORKASPACE' ) );
#1296 = ADVANCED_FACE ( 'NONE', ( #397 ), #129, .T. ) ;
#1297 = SURFACE_SIDE_STYLE ('',( #1145 ) ) ;
#1298 = CARTESIAN_POINT ( 'NONE',  ( 0.02242640687119284645, -0.03000000000000000930, -0.07242640687119286658 ) ) ;
#1299 = PRESENTATION_LAYER_ASSIGNMENT (  '', '', ( #1374 ) ) ;
#1300 = CIRCLE ( 'NONE', #184, 0.04242640687119307585 ) ;
#1301 = CYLINDRICAL_SURFACE ( 'NONE', #50, 0.1100000000000000006 ) ;
#1302 = VECTOR ( 'NONE', #23, 39.37007874015748143 ) ;
#1303 = EDGE_LOOP ( 'NONE', ( #1407, #1075, #403, #164 ) ) ;
#1304 = PRESENTATION_STYLE_ASSIGNMENT (( #8 ) ) ;
#1305 = ORIENTED_EDGE ( 'NONE', *, *, #756, .F. ) ;
#1306 = VECTOR ( 'NONE', #1020, 39.37007874015748143 ) ;
#1307 = CARTESIAN_POINT ( 'NONE',  ( 1.126675055215565229E-17, 0.1404264068711924551, -0.09200000000000001232 ) ) ;
#1308 = VERTEX_POINT ( 'NONE', #814 ) ;
#1309 = EDGE_CURVE ( 'NONE', #1110, #1441, #465, .T. ) ;
#1310 = ADVANCED_FACE ( 'NONE', ( #722 ), #543, .F. ) ;
#1311 = PRESENTATION_LAYER_ASSIGNMENT (  '', '', ( #714 ) ) ;
#1312 =( NAMED_UNIT ( * ) PLANE_ANGLE_UNIT ( ) SI_UNIT ( $, .RADIAN. ) );
#1313 = CARTESIAN_POINT ( 'NONE',  ( 0.0000000000000000000, -0.02999999999999999889, 0.0000000000000000000 ) ) ;
#1314 = ADVANCED_FACE ( 'NONE', ( #512 ), #1163, .F. ) ;
#1315 = MECHANICAL_DESIGN_GEOMETRIC_PRESENTATION_REPRESENTATION (  '', ( #1081 ), #395 ) ;
#1316 = FACE_OUTER_BOUND ( 'NONE', #725, .T. ) ;
#1317 = UNCERTAINTY_MEASURE_WITH_UNIT (LENGTH_MEASURE( 1.000000000000000082E-05 ), #923, 'distance_accuracy_value', 'NONE');
#1318 = CARTESIAN_POINT ( 'NONE',  ( 0.0000000000000000000, 0.2024264068711926212, 0.0000000000000000000 ) ) ;
#1319 = EDGE_LOOP ( 'NONE', ( #695, #760, #55, #988 ) ) ;
#1320 = EDGE_LOOP ( 'NONE', ( #886, #565 ) ) ;
#1321 =( GEOMETRIC_REPRESENTATION_CONTEXT ( 3 ) GLOBAL_UNCERTAINTY_ASSIGNED_CONTEXT ( ( #325 ) ) GLOBAL_UNIT_ASSIGNED_CONTEXT ( ( #938, #606, #155 ) ) REPRESENTATION_CONTEXT ( 'NONE', 'WORKASPACE' ) );
#1322 = DIMENSIONAL_EXPONENTS ( 1.000000000000000000, 0.0000000000000000000, 0.0000000000000000000, 0.0000000000000000000, 0.0000000000000000000, 0.0000000000000000000, 0.0000000000000000000 ) ;
#1323 = CARTESIAN_POINT ( 'NONE',  ( -0.01000000000000000021, -0.06000000000000004635, 0.06000000000000001166 ) ) ;
#1324 = SURFACE_STYLE_USAGE ( .BOTH. , #301 ) ;
#1325 = STYLED_ITEM ( 'NONE', ( #1211 ), #737 ) ;
#1326 = PRESENTATION_LAYER_ASSIGNMENT (  '', '', ( #1178 ) ) ;
#1327 = FILL_AREA_STYLE_COLOUR ( '', #882 ) ;
#1328 = SURFACE_STYLE_USAGE ( .BOTH. , #425 ) ;
#1329 = SURFACE_SIDE_STYLE ('',( #625 ) ) ;
#1330 = EDGE_CURVE ( 'NONE', #306, #186, #1006, .T. ) ;
#1331 = DIRECTION ( 'NONE',  ( -0.0000000000000000000, 1.000000000000000000, -0.0000000000000000000 ) ) ;
#1332 = AXIS2_PLACEMENT_3D ( 'NONE', #728, #1068, #392 ) ;
#1333 = LENGTH_MEASURE_WITH_UNIT ( LENGTH_MEASURE( 0.02539999999999999897 ), #36 );
#1334 = ORIENTED_EDGE ( 'NONE', *, *, #1309, .F. ) ;
#1335 = VERTEX_POINT ( 'NONE', #236 ) ;
#1336 = UNCERTAINTY_MEASURE_WITH_UNIT (LENGTH_MEASURE( 1.000000000000000082E-05 ), #1243, 'distance_accuracy_value', 'NONE');
#1337 = CLOSED_SHELL ( 'NONE', ( #510, #1296, #51, #159, #850, #1065, #515, #296, #1420, #171, #730, #1409, #1074, #505, #218, #406, #944, #1203, #1084, #949, #737, #49, #492, #953, #286, #60, #1310, #830, #1314, #37, #58, #402 ) ) ;
#1338 =( NAMED_UNIT ( * ) PLANE_ANGLE_UNIT ( ) SI_UNIT ( $, .RADIAN. ) );
#1339 = ORIENTED_EDGE ( 'NONE', *, *, #69, .F. ) ;
#1340 = DIMENSIONAL_EXPONENTS ( 1.000000000000000000, 0.0000000000000000000, 0.0000000000000000000, 0.0000000000000000000, 0.0000000000000000000, 0.0000000000000000000, 0.0000000000000000000 ) ;
#1341 =( LENGTH_UNIT ( ) NAMED_UNIT ( * ) SI_UNIT ( $, .METRE. ) );
#1342 =( CONVERSION_BASED_UNIT ( 'INCH', #968 ) LENGTH_UNIT ( ) NAMED_UNIT ( #1208 ) );
#1343 = AXIS2_PLACEMENT_3D ( 'NONE', #978, #423, #416 ) ;
#1344 = ORIENTED_EDGE ( 'NONE', *, *, #962, .T. ) ;
#1345 = SURFACE_STYLE_USAGE ( .BOTH. , #445 ) ;
#1346 = AXIS2_PLACEMENT_3D ( 'NONE', #1017, #912, #354 ) ;
#1347 = DIMENSIONAL_EXPONENTS ( 1.000000000000000000, 0.0000000000000000000, 0.0000000000000000000, 0.0000000000000000000, 0.0000000000000000000, 0.0000000000000000000, 0.0000000000000000000 ) ;
#1348 = PRESENTATION_LAYER_ASSIGNMENT (  '', '', ( #1143 ) ) ;
#1349 = SURFACE_STYLE_FILL_AREA ( #31 ) ;
#1350 =( LENGTH_UNIT ( ) NAMED_UNIT ( * ) SI_UNIT ( $, .METRE. ) );
#1351 = EDGE_CURVE ( 'NONE', #1397, #386, #1458, .T. ) ;
#1352 = ORIENTED_EDGE ( 'NONE', *, *, #659, .F. ) ;
#1353 = ORIENTED_EDGE ( 'NONE', *, *, #1129, .T. ) ;
#1354 = FACE_BOUND ( 'NONE', #1320, .T. ) ;
#1355 =( NAMED_UNIT ( * ) PLANE_ANGLE_UNIT ( ) SI_UNIT ( $, .RADIAN. ) );
#1356 = EDGE_CURVE ( 'NONE', #514, #713, #775, .T. ) ;
#1357 = VERTEX_POINT ( 'NONE', #455 ) ;
#1358 =( NAMED_UNIT ( * ) SI_UNIT ( $, .STERADIAN. ) SOLID_ANGLE_UNIT ( ) );
#1359 = FILL_AREA_STYLE_COLOUR ( '', #1184 ) ;
#1360 = PRESENTATION_LAYER_ASSIGNMENT (  '', '', ( #1081 ) ) ;
#1361 =( NAMED_UNIT ( * ) PLANE_ANGLE_UNIT ( ) SI_UNIT ( $, .RADIAN. ) );
#1362 = CARTESIAN_POINT ( 'NONE',  ( 0.0000000000000000000, -0.02999999999999999889, 0.0000000000000000000 ) ) ;
#1363 = CARTESIAN_POINT ( 'NONE',  ( -0.09057967304184429136, 0.0000000000000000000, 0.06241252143306334071 ) ) ;
#1364 = AXIS2_PLACEMENT_3D ( 'NONE', #385, #1398, #1175 ) ;
#1365 = SURFACE_SIDE_STYLE ('',( #1251 ) ) ;
#1366 = DIRECTION ( 'NONE',  ( 0.0000000000000000000, 0.0000000000000000000, 1.000000000000000000 ) ) ;
#1367 = CARTESIAN_POINT ( 'NONE',  ( 1.126675055215565075E-17, 0.2200000000000000011, -0.09199999999999999845 ) ) ;
#1368 =( LENGTH_UNIT ( ) NAMED_UNIT ( * ) SI_UNIT ( $, .METRE. ) );
#1369 = STYLED_ITEM ( 'NONE', ( #304 ), #406 ) ;
#1370 = VERTEX_POINT ( 'NONE', #1139 ) ;
#1371 = FACE_OUTER_BOUND ( 'NONE', #905, .T. ) ;
#1372 = ORIENTED_EDGE ( 'NONE', *, *, #1288, .T. ) ;
#1373 = CARTESIAN_POINT ( 'NONE',  ( 0.0000000000000000000, 0.1616396103067887779, 0.0000000000000000000 ) ) ;
#1374 = STYLED_ITEM ( 'NONE', ( #734 ), #218 ) ;
#1375 = ORIENTED_EDGE ( 'NONE', *, *, #69, .T. ) ;
#1376 = SURFACE_SIDE_STYLE ('',( #508 ) ) ;
#1377 =( NAMED_UNIT ( * ) SI_UNIT ( $, .STERADIAN. ) SOLID_ANGLE_UNIT ( ) );
#1378 =( LENGTH_UNIT ( ) NAMED_UNIT ( * ) SI_UNIT ( $, .METRE. ) );
#1379 =( NAMED_UNIT ( * ) PLANE_ANGLE_UNIT ( ) SI_UNIT ( $, .RADIAN. ) );
#1380 = EDGE_CURVE ( 'NONE', #342, #959, #1283, .T. ) ;
#1381 =( LENGTH_UNIT ( ) NAMED_UNIT ( * ) SI_UNIT ( $, .METRE. ) );
#1382 = FILL_AREA_STYLE_COLOUR ( '', #1241 ) ;
#1383 = STYLED_ITEM ( 'NONE', ( #79 ), #58 ) ;
#1384 = UNCERTAINTY_MEASURE_WITH_UNIT (LENGTH_MEASURE( 1.000000000000000082E-05 ), #958, 'distance_accuracy_value', 'NONE');
#1385 = CARTESIAN_POINT ( 'NONE',  ( -0.01000000000000000021, -0.05999999999999999778, 0.04000000000000001471 ) ) ;
#1386 = PRESENTATION_STYLE_ASSIGNMENT (( #1466 ) ) ;
#1387 =( LENGTH_UNIT ( ) NAMED_UNIT ( * ) SI_UNIT ( $, .METRE. ) );
#1388 = PRESENTATION_STYLE_ASSIGNMENT (( #637 ) ) ;
#1389 = ORIENTED_EDGE ( 'NONE', *, *, #75, .F. ) ;
#1390 = LINE ( 'NONE', #843, #866 ) ;
#1391 = COLOUR_RGB ( '',0.5019607843137254832, 0.5019607843137254832, 0.5019607843137254832 ) ;
#1392 = EDGE_LOOP ( 'NONE', ( #529, #322, #1411, #711 ) ) ;
#1393 = MECHANICAL_DESIGN_GEOMETRIC_PRESENTATION_REPRESENTATION (  '', ( #878 ), #117 ) ;
#1394 = EDGE_LOOP ( 'NONE', ( #741, #787, #800, #868 ) ) ;
#1395 =( GEOMETRIC_REPRESENTATION_CONTEXT ( 3 ) GLOBAL_UNCERTAINTY_ASSIGNED_CONTEXT ( ( #1137 ) ) GLOBAL_UNIT_ASSIGNED_CONTEXT ( ( #918, #1361, #241 ) ) REPRESENTATION_CONTEXT ( 'NONE', 'WORKASPACE' ) );
#1396 = FILL_AREA_STYLE ('',( #152 ) ) ;
#1397 = VERTEX_POINT ( 'NONE', #1363 ) ;
#1398 = DIRECTION ( 'NONE',  ( 0.0000000000000000000, 0.0000000000000000000, 1.000000000000000000 ) ) ;
#1399 = UNCERTAINTY_MEASURE_WITH_UNIT (LENGTH_MEASURE( 1.000000000000000082E-05 ), #736, 'distance_accuracy_value', 'NONE');
#1400 =( NAMED_UNIT ( * ) PLANE_ANGLE_UNIT ( ) SI_UNIT ( $, .RADIAN. ) );
#1401 = AXIS2_PLACEMENT_3D ( 'NONE', #768, #94, #101 ) ;
#1402 = DIRECTION ( 'NONE',  ( -1.000000000000000000, 0.0000000000000000000, 0.0000000000000000000 ) ) ;
#1403 = LENGTH_MEASURE_WITH_UNIT ( LENGTH_MEASURE( 0.02539999999999999897 ), #1381 );
#1404 = ORIENTED_EDGE ( 'NONE', *, *, #735, .F. ) ;
#1405 = EDGE_CURVE ( 'NONE', #967, #778, #1484, .T. ) ;
#1406 = LENGTH_MEASURE_WITH_UNIT ( LENGTH_MEASURE( 0.02539999999999999897 ), #1387 );
#1407 = ORIENTED_EDGE ( 'NONE', *, *, #1124, .T. ) ;
#1408 = LINE ( 'NONE', #780, #904 ) ;
#1409 = ADVANCED_FACE ( 'NONE', ( #846 ), #229, .T. ) ;
#1410 = ORIENTED_EDGE ( 'NONE', *, *, #393, .T. ) ;
#1411 = ORIENTED_EDGE ( 'NONE', *, *, #1351, .F. ) ;
#1412 = STYLED_ITEM ( 'NONE', ( #1146 ), #850 ) ;
#1413 = CARTESIAN_POINT ( 'NONE',  ( 0.01000000000000000021, -1.130000000000000115, -0.04000000000000015349 ) ) ;
#1414 = EDGE_LOOP ( 'NONE', ( #1085, #925, #490, #1480 ) ) ;
#1415 = SURFACE_SIDE_STYLE ('',( #326 ) ) ;
#1416 = DIRECTION ( 'NONE',  ( 1.224646799147353454E-16, 0.0000000000000000000, -1.000000000000000000 ) ) ;
#1417 = LENGTH_MEASURE_WITH_UNIT ( LENGTH_MEASURE( 0.02539999999999999897 ), #789 );
#1418 = MECHANICAL_DESIGN_GEOMETRIC_PRESENTATION_REPRESENTATION (  '', ( #433 ), #96 ) ;
#1419 = STYLED_ITEM ( 'NONE', ( #1304 ), #286 ) ;
#1420 = ADVANCED_FACE ( 'NONE', ( #1354, #1216 ), #344, .T. ) ;
#1421 = AXIS2_PLACEMENT_3D ( 'NONE', #1049, #677, #359 ) ;
#1422 = ORIENTED_EDGE ( 'NONE', *, *, #733, .F. ) ;
#1423 = CIRCLE ( 'NONE', #785, 0.08321320343559655830 ) ;
#1424 = CARTESIAN_POINT ( 'NONE',  ( 0.04000000000000000083, -0.02999999999999999889, 0.08999999999999999667 ) ) ;
#1425 = PRODUCT_DEFINITION_SHAPE ( 'NONE', 'NONE',  #122 ) ;
#1426 = ORIENTED_EDGE ( 'NONE', *, *, #820, .T. ) ;
#1427 = ORIENTED_EDGE ( 'NONE', *, *, #963, .T. ) ;
#1428 = UNCERTAINTY_MEASURE_WITH_UNIT (LENGTH_MEASURE( 1.000000000000000082E-05 ), #460, 'distance_accuracy_value', 'NONE');
#1429 = EDGE_CURVE ( 'NONE', #967, #248, #1012, .T. ) ;
#1430 = EDGE_CURVE ( 'NONE', #111, #400, #373, .T. ) ;
#1431 = CARTESIAN_POINT ( 'NONE',  ( -0.02242640687119286033, -0.03000000000000003011, -0.02757359312880716326 ) ) ;
#1432 = FILL_AREA_STYLE_COLOUR ( '', #1140 ) ;
#1433 = CARTESIAN_POINT ( 'NONE',  ( 1.347111479062088318E-17, 0.0000000000000000000, -0.1100000000000000006 ) ) ;
#1434 = STYLED_ITEM ( 'NONE', ( #472 ), #953 ) ;
#1435 =( NAMED_UNIT ( * ) PLANE_ANGLE_UNIT ( ) SI_UNIT ( $, .RADIAN. ) );
#1436 = FACE_OUTER_BOUND ( 'NONE', #66, .T. ) ;
#1437 =( NAMED_UNIT ( * ) SI_UNIT ( $, .STERADIAN. ) SOLID_ANGLE_UNIT ( ) );
#1438 = ORIENTED_EDGE ( 'NONE', *, *, #1430, .T. ) ;
#1439 = LINE ( 'NONE', #1463, #837 ) ;
#1440 = CARTESIAN_POINT ( 'NONE',  ( 0.04000000000000000083, -0.02999999999999999889, 0.08999999999999999667 ) ) ;
#1441 = VERTEX_POINT ( 'NONE', #1028 ) ;
#1442 = MECHANICAL_DESIGN_GEOMETRIC_PRESENTATION_REPRESENTATION (  '', ( #627 ), #1219 ) ;
#1443 = ORIENTED_EDGE ( 'NONE', *, *, #115, .F. ) ;
#1444 = CARTESIAN_POINT ( 'NONE',  ( -0.02242640687119284298, -0.03000000000000003358, 0.07242640687119283882 ) ) ;
#1445 = UNCERTAINTY_MEASURE_WITH_UNIT (LENGTH_MEASURE( 1.000000000000000082E-05 ), #895, 'distance_accuracy_value', 'NONE');
#1446 = FILL_AREA_STYLE ('',( #1382 ) ) ;
#1447 =( GEOMETRIC_REPRESENTATION_CONTEXT ( 3 ) GLOBAL_UNCERTAINTY_ASSIGNED_CONTEXT ( ( #154 ) ) GLOBAL_UNIT_ASSIGNED_CONTEXT ( ( #429, #652, #998 ) ) REPRESENTATION_CONTEXT ( 'NONE', 'WORKASPACE' ) );
#1448 =( GEOMETRIC_REPRESENTATION_CONTEXT ( 3 ) GLOBAL_UNCERTAINTY_ASSIGNED_CONTEXT ( ( #1445 ) ) GLOBAL_UNIT_ASSIGNED_CONTEXT ( ( #895, #251, #335 ) ) REPRESENTATION_CONTEXT ( 'NONE', 'WORKASPACE' ) );
#1449 = ORIENTED_EDGE ( 'NONE', *, *, #1238, .T. ) ;
#1450 = SURFACE_STYLE_USAGE ( .BOTH. , #746 ) ;
#1451 = DIRECTION ( 'NONE',  ( 0.0000000000000000000, 1.000000000000000000, 0.0000000000000000000 ) ) ;
#1452 =( NAMED_UNIT ( * ) PLANE_ANGLE_UNIT ( ) SI_UNIT ( $, .RADIAN. ) );
#1453 = FACE_OUTER_BOUND ( 'NONE', #1319, .T. ) ;
#1454 = EDGE_CURVE ( 'NONE', #959, #1397, #973, .T. ) ;
#1455 =( CONVERSION_BASED_UNIT ( 'INCH', #461 ) LENGTH_UNIT ( ) NAMED_UNIT ( #209 ) );
#1456 = CARTESIAN_POINT ( 'NONE',  ( 0.01000000000000000021, -0.05999999999999999778, -0.06000000000000001166 ) ) ;
#1457 =( NAMED_UNIT ( * ) SI_UNIT ( $, .STERADIAN. ) SOLID_ANGLE_UNIT ( ) );
#1458 = LINE ( 'NONE', #580, #1080 ) ;
#1459 = DIRECTION ( 'NONE',  ( 0.0000000000000000000, 0.0000000000000000000, 1.000000000000000000 ) ) ;
#1460 = ORIENTED_EDGE ( 'NONE', *, *, #1152, .F. ) ;
#1461 = LENGTH_MEASURE_WITH_UNIT ( LENGTH_MEASURE( 0.02539999999999999897 ), #1177 );
#1462 = ORIENTED_EDGE ( 'NONE', *, *, #393, .F. ) ;
#1463 = CARTESIAN_POINT ( 'NONE',  ( 0.01000000000000000021, -0.02999999999999995032, -0.06000000000000001166 ) ) ;
#1464 = ORIENTED_EDGE ( 'NONE', *, *, #919, .F. ) ;
#1465 = VECTOR ( 'NONE', #685, 39.37007874015748143 ) ;
#1466 = SURFACE_STYLE_USAGE ( .BOTH. , #224 ) ;
#1467 = FILL_AREA_STYLE_COLOUR ( '', #130 ) ;
#1468 =( NAMED_UNIT ( * ) SI_UNIT ( $, .STERADIAN. ) SOLID_ANGLE_UNIT ( ) );
#1469 = AXIS2_PLACEMENT_3D ( 'NONE', #532, #1331, #313 ) ;
#1470 = EDGE_LOOP ( 'NONE', ( #763, #1460, #486, #245 ) ) ;
#1471 = DIRECTION ( 'NONE',  ( 0.0000000000000000000, 0.0000000000000000000, 1.000000000000000000 ) ) ;
#1472 = FILL_AREA_STYLE_COLOUR ( '', #185 ) ;
#1473 = LENGTH_MEASURE_WITH_UNIT ( LENGTH_MEASURE( 0.02539999999999999897 ), #766 );
#1474 = STYLED_ITEM ( 'NONE', ( #715 ), #1409 ) ;
#1475 = CARTESIAN_POINT ( 'NONE',  ( -0.01000000000000000021, -1.130000000000000115, -0.06000000000000014350 ) ) ;
#1476 = DIRECTION ( 'NONE',  ( 8.659560562354893415E-17, -0.7071067811865507924, 0.7071067811865442421 ) ) ;
#1477 = MECHANICAL_DESIGN_GEOMETRIC_PRESENTATION_REPRESENTATION (  '', ( #412 ), #726 ) ;
#1478 = SURFACE_SIDE_STYLE ('',( #485 ) ) ;
#1479 = SURFACE_STYLE_USAGE ( .BOTH. , #1376 ) ;
#1480 = ORIENTED_EDGE ( 'NONE', *, *, #1430, .F. ) ;
#1481 = CYLINDRICAL_SURFACE ( 'NONE', #451, 0.1100000000000000006 ) ;
#1482 = ORIENTED_EDGE ( 'NONE', *, *, #683, .T. ) ;
#1483 = DIRECTION ( 'NONE',  ( 0.0000000000000000000, 0.0000000000000000000, 1.000000000000000000 ) ) ;
#1484 = LINE ( 'NONE', #135, #744 ) ;
#1485 = FILL_AREA_STYLE ('',( #1149 ) ) ;
#1486 = SURFACE_STYLE_USAGE ( .BOTH. , #567 ) ;
#1487 = FILL_AREA_STYLE ('',( #28 ) ) ;
ENDSEC;
END-ISO-10303-21;
