#VRML V2.0 utf8
DEF TXFM_1 Transform {
  center 0 0 0
  rotation 0 0 1 0
  scale 1 1 1
  scaleOrientation 0 0 1 0
  translation 0 0 0
 children [
DEF TXFM_2 Transform {
  center 0 0 0
  rotation 0 0 1 0
  scale 1 1 1
  scaleOrientation 0 0 1 0
  translation 0 0 0
 children [
DEF TXFM_3 Transform {
  center 0 0 0
  rotation 0 0 1 0
  scale 1 1 1
  scaleOrientation 0 0 1 0
  translation 0 0 0
 children [
DEF SHAPE_1 Shape {
 appearance DEF APP_1 Appearance {
  material Material {
   ambientIntensity 0.14166729
   diffuseColor 0.76078433 0.76078433 0
   emissiveColor 0 0 0
   shininess 0.1
   specularColor 0.12 0.12 0.12
   transparency 0
} }
 geometry DEF FACE_1 IndexedFaceSet {
  coord DEF COORD_1 Coordinate { point [
  -0.19291339 0.58740157 0.33003613,-0.19800825 0.58740157 0.32936538,
  -0.20275591 0.58740157 0.32739883,-0.20683281 0.58740157 0.32427051,
  -0.20996113 0.58740157 0.32019361,-0.21192767 0.58740157 0.31544595,
  -0.21259843 0.58740157 0.31035109,-0.19291339 0.60708661 0.33003613,
  -0.19800825 0.60708661 0.32936538,-0.20275591 0.60708661 0.32739883,
  -0.20683281 0.60708661 0.32427051,-0.20996113 0.60708661 0.32019361,
  -0.21192767 0.60708661 0.31544595,-0.21259843 0.60708661 0.31035109] }
 coordIndex [
  12,6,5,-1,12,13,6,-1,11,5,4,-1,11,12,5,-1,10,4,3,-1,10,11,4,-1,9,3,2,-1,9,10,3,-1,
  8,2,1,-1,8,9,2,-1,7,1,0,-1,7,8,1,-1]
  normalPerVertex TRUE
  normal DEF NORM_1 Normal { vector [
  -0.13052619 0 0.99144486,-0.21622209 0 0.9763442,
  -0.46155098 0 0.88711369,-0.67542593 0 0.73742784,
  -0.84327172 0 0.5374875,-0.95364993 0 0.30091828,
  -0.99144486 0 0.13052619,-0.13052619 0 0.99144486,
  -0.30091828 0 0.95364993,-0.5374875 0 0.84327172,
  -0.73742784 0 0.67542593,-0.88711369 0 0.46155098,
  -0.9763442 0 0.21622209,-0.99144486 0 0.13052619] }
}
}
DEF SHAPE_2 Shape {
 appearance USE APP_1
 geometry DEF FACE_2 IndexedFaceSet {
  coord DEF COORD_2 Coordinate { point [
  -0.19291339 0.58740157 0.33003613,-0.19291339 0.60708661 0.33003613,
  -0.18539728 0.58740157 0.32854474,-0.18783039 0.58740157 0.32936855,
  -0.19035006 0.58740157 0.32986852,-0.18539728 0.60708661 0.32854474,
  -0.18783039 0.60708661 0.32936855,-0.19035006 0.60708661 0.32986852] }
 coordIndex [
  7,1,0,-1,7,0,4,-1,6,4,3,-1,6,7,4,-1,5,3,2,-1,5,6,3,-1]
  normalPerVertex TRUE
  normal DEF NORM_2 Normal { vector [
  0.065247403 0 0.99786912,0.065247403 0 0.99786912,
  0.32070048 0 0.94718066,0.27920614 0 0.96023119,
  0.15179069 0 0.98841266,0.32070048 0 0.94718066,
  0.23710329 0 0.97148445,0.10858095 0 0.99408761] }
}
}
DEF SHAPE_3 Shape {
 appearance USE APP_1
 geometry DEF FACE_3 IndexedFaceSet {
  coord DEF COORD_3 Coordinate { point [
  -0.041419951 0.60708661 0.079168691,-0.040256163 0.60708661 0.130662,
  -0.050280923 0.60708661 0.18118348,-0.071017621 0.60708661 0.22833117,
  -0.10148037 0.60708661 0.26986352,-0.14022087 0.60708661 0.30380595,
  -0.18539728 0.60708661 0.32854474,-0.18539728 0.58740157 0.32854474,
  -0.041419951 0.58740157 0.079168691,-0.040256163 0.58740157 0.130662,
  -0.050280923 0.58740157 0.18118348,-0.071017621 0.58740157 0.22833117,
  -0.10148037 0.58740157 0.26986352,-0.14022087 0.58740157 0.30380595] }
 coordIndex [
  5,6,7,-1,5,7,13,-1,4,13,12,-1,4,5,13,-1,3,12,11,-1,3,4,12,-1,2,11,10,-1,2,3,11,-1,
  1,9,8,-1,1,10,9,-1,1,2,10,-1,0,1,8,-1]
  normalPerVertex TRUE
  normal DEF NORM_3 Normal { vector [
  0.9997447 0 -0.022594992,0.99624891 0 0.086533862,
  0.94219884 0 0.33505425,0.84718016 0 0.53130573,
  0.71188384 0 0.70229723,0.54274228 0 0.83989929,
  0.48030451 0 0.8771018,0.48030451 0 0.8771018,
  0.9997447 0 -0.022594992,0.99624891 0 0.086533862,
  0.96414916 0 0.26536087,0.88371434 0 0.46802668,
  0.76126491 0 0.648441,0.60262252 0 0.79802638] }
}
}
DEF SHAPE_4 Shape {
 appearance USE APP_1
 geometry DEF FACE_4 IndexedFaceSet {
  coord DEF COORD_4 Coordinate { point [
  -0.21259843 0.60708661 0.25455402,-0.21259843 0.60708661 0.31035109,
  -0.21259843 0.58740157 0.25455402,-0.21259843 0.58740157 0.31035109] }
 coordIndex [
  2,1,0,-1,2,3,1,-1]
  normalPerVertex TRUE
  normal DEF NORM_4 Normal { vector [
  -1 0 0,-1 0 0,
  -1 0 0,-1 0 0] }
}
}
DEF SHAPE_5 Shape {
 appearance USE APP_1
 geometry DEF FACE_5 IndexedFaceSet {
  coord DEF COORD_5 Coordinate { point [
  -0.21259843 0.58740157 0.25455402,-0.21259843 0.60708661 0.25455402,
  -0.17831812 0.58740157 0.23406811,-0.1502931 0.58740157 0.20561799,
  -0.13032555 0.58740157 0.17103318,-0.11969953 0.58740157 0.13253773,
  -0.11909836 0.58740157 0.092607166,-0.11909836 0.60708661 0.092607166,
  -0.17831812 0.60708661 0.23406811,-0.1502931 0.60708661 0.20561799,
  -0.13032555 0.60708661 0.17103318,-0.11969953 0.60708661 0.13253773] }
 coordIndex [
  8,0,1,-1,8,2,0,-1,9,3,2,-1,9,2,8,-1,10,4,3,-1,10,3,9,-1,11,5,4,-1,11,4,10,-1,
  7,6,5,-1,7,5,11,-1]
  normalPerVertex TRUE
  normal DEF NORM_5 Normal { vector [
  -0.51298018 0 -0.85840045,-0.51298018 0 -0.85840045,
  -0.65059822 0 -0.75942212,-0.82070519 0 -0.57135189,
  -0.93803525 0 -0.34653985,-0.99504327 0 -0.099442948,
  -0.99988669 0 -0.015053643,-0.99988669 0 -0.015053643,
  -0.58364175 0 -0.81201127,-0.76912994 0 -0.63909243,
  -0.90515785 0 -0.4250756,-0.98297796 0 -0.18372353] }
}
}
DEF SHAPE_6 Shape {
 appearance USE APP_1
 geometry DEF FACE_6 IndexedFaceSet {
  coord DEF COORD_6 Coordinate { point [
  -0.11909836 0.58740157 0.092607166,-0.11909836 0.60708661 0.092607166,
  -0.070776687 0.58740157 0.064708633,-0.070776687 0.60708661 0.064708633] }
 coordIndex [
  0,3,2,-1,0,1,3,-1]
  normalPerVertex TRUE
  normal DEF NORM_6 Normal { vector [
  -0.5 0 -0.8660254,-0.5 0 -0.8660254,
  -0.5 0 -0.8660254,-0.5 0 -0.8660254] }
}
}
DEF SHAPE_7 Shape {
 appearance USE APP_1
 geometry DEF FACE_7 IndexedFaceSet {
  coord DEF COORD_7 Coordinate { point [
  -0.041419951 0.60708661 0.079168691,-0.042632676 0.60708661 0.074506815,
  -0.044941305 0.60708661 0.070279047,-0.048207597 0.60708661 0.066738549,
  -0.052235964 0.60708661 0.064097328,-0.056785185 0.60708661 0.062513542,
  -0.06158285 0.60708661 0.062082029,-0.066341671 0.60708661 0.062828628,
  -0.070776687 0.60708661 0.064708633,-0.041419951 0.58740157 0.079168691,
  -0.042632676 0.58740157 0.074506815,-0.044941305 0.58740157 0.070279047,
  -0.048207597 0.58740157 0.066738549,-0.052235964 0.58740157 0.064097328,
  -0.056785185 0.58740157 0.062513542,-0.06158285 0.58740157 0.062082029,
  -0.066341671 0.58740157 0.062828628,-0.070776687 0.58740157 0.064708633] }
 coordIndex [
  1,0,9,-1,1,9,10,-1,2,10,11,-1,2,1,10,-1,3,11,12,-1,3,2,11,-1,4,12,13,-1,4,3,12,-1,
  5,13,14,-1,5,4,13,-1,6,14,15,-1,6,5,14,-1,7,15,16,-1,7,6,15,-1,8,16,17,-1,8,7,16,-1]
  normalPerVertex TRUE
  normal DEF NORM_7 Normal { vector [
  0.96779031 0 -0.25175767,0.94405268 0 -0.3297947,
  0.83569131 0 -0.54919945,0.67728823 0 -0.73571778,
  0.4783287 0 -0.87818088,0.25072655 0 -0.96805795,
  0.0081107323 0 -0.99996711,-0.23499076 0 -0.9719976,
  -0.39028289 0 -0.92069499,0.96779031 0 -0.25175767,
  0.91381096 0 -0.40613978,0.78781337 0 -0.61591403,
  0.61464102 0 -0.78880696,0.40466358 0 -0.91446563,
  0.17045463 0 -0.98536553,-0.07396125 0 -0.99726112,
  -0.31394828 0 -0.94944008,-0.39028289 0 -0.92069499] }
}
}
DEF SHAPE_8 Shape {
 appearance USE APP_1
 geometry DEF FACE_8 IndexedFaceSet {
  coord DEF COORD_8 Coordinate { point [
  -0.041419951 0.58740157 0.079168691,-0.040256163 0.58740157 0.130662,
  -0.050280923 0.58740157 0.18118348,-0.071017621 0.58740157 0.22833117,
  -0.10148037 0.58740157 0.26986352,-0.14022087 0.58740157 0.30380595,
  -0.18539728 0.58740157 0.32854474,-0.18783039 0.58740157 0.32936855,
  -0.19035006 0.58740157 0.32986852,-0.19291339 0.58740157 0.33003613,
  -0.19800825 0.58740157 0.32936538,-0.20275591 0.58740157 0.32739883,
  -0.20683281 0.58740157 0.32427051,-0.20996113 0.58740157 0.32019361,
  -0.21192767 0.58740157 0.31544595,-0.21259843 0.58740157 0.31035109,
  -0.21259843 0.58740157 0.25455402,-0.17831812 0.58740157 0.23406811,
  -0.1502931 0.58740157 0.20561799,-0.13032555 0.58740157 0.17103318,
  -0.11969953 0.58740157 0.13253773,-0.11909836 0.58740157 0.092607166,
  -0.070776687 0.58740157 0.064708633,-0.042632676 0.58740157 0.074506815,
  -0.044941305 0.58740157 0.070279047,-0.048207597 0.58740157 0.066738549,
  -0.052235964 0.58740157 0.064097328,-0.056785185 0.58740157 0.062513542,
  -0.06158285 0.58740157 0.062082029,-0.066341671 0.58740157 0.062828628] }
 coordIndex [
  15,13,14,-1,6,7,8,-1,6,8,9,-1,6,9,10,-1,6,10,11,-1,6,11,12,-1,6,12,13,-1,6,13,15,-1,
  5,15,16,-1,5,6,15,-1,17,5,16,-1,4,5,17,-1,18,4,17,-1,3,18,19,-1,3,4,18,-1,2,19,20,-1,
  2,3,19,-1,1,20,21,-1,1,2,20,-1,22,1,21,-1,0,1,22,-1,23,0,22,-1,24,22,29,-1,24,23,22,-1,
  25,27,26,-1,25,28,27,-1,25,29,28,-1,25,24,29,-1]
  normalPerVertex TRUE
  normal DEF NORM_8 Normal { vector [
  0 -1 0,0 -1 0,
  0 -1 0,0 -1 0,
  0 -1 0,0 -1 0,
  0 -1 0,0 0 1,
  0 0 1,0 0 1,
  0 -1 0,0 -1 0,
  0 -1 0,0 -1 0,
  0 0 1,0 -1 0,
  0 -1 0,0 -1 0,
  0 -1 0,0 -1 0,
  0 -1 0,0 -1 0,
  0 -1 0,0 -1 0,
  0 -1 0,0 -1 0,
  0 0 1,0 -1 0,
  0 -1 0,0 -1 0] }
}
}
DEF SHAPE_9 Shape {
 appearance USE APP_1
 geometry DEF FACE_9 IndexedFaceSet {
  coord DEF COORD_9 Coordinate { point [
  -0.18539728 0.60708661 0.32854474,-0.18783039 0.60708661 0.32936855,
  -0.19035006 0.60708661 0.32986852,-0.19291339 0.60708661 0.33003613,
  -0.19800825 0.60708661 0.32936538,-0.20275591 0.60708661 0.32739883,
  -0.20683281 0.60708661 0.32427051,-0.20996113 0.60708661 0.32019361,
  -0.21192767 0.60708661 0.31544595,-0.21259843 0.60708661 0.31035109,
  -0.21259843 0.60708661 0.25455402,-0.17831812 0.60708661 0.23406811,
  -0.1502931 0.60708661 0.20561799,-0.13032555 0.60708661 0.17103318,
  -0.11969953 0.60708661 0.13253773,-0.11909836 0.60708661 0.092607166,
  -0.070776687 0.60708661 0.064708633,-0.041419951 0.60708661 0.079168691,
  -0.042632676 0.60708661 0.074506815,-0.044941305 0.60708661 0.070279047,
  -0.048207597 0.60708661 0.066738549,-0.052235964 0.60708661 0.064097328,
  -0.056785185 0.60708661 0.062513542,-0.06158285 0.60708661 0.062082029,
  -0.066341671 0.60708661 0.062828628,-0.040256163 0.60708661 0.130662,
  -0.050280923 0.60708661 0.18118348,-0.071017621 0.60708661 0.22833117,
  -0.10148037 0.60708661 0.26986352,-0.14022087 0.60708661 0.30380595] }
 coordIndex [
  9,8,7,-1,0,2,1,-1,0,3,2,-1,0,4,3,-1,0,5,4,-1,0,6,5,-1,0,7,6,-1,0,9,7,-1,
  29,10,9,-1,29,9,0,-1,11,10,29,-1,28,11,29,-1,12,11,28,-1,27,13,12,-1,27,12,28,-1,26,14,13,-1,
  26,13,27,-1,25,15,14,-1,25,14,26,-1,16,15,25,-1,17,16,25,-1,21,22,23,-1,20,17,18,-1,20,18,19,-1,
  20,23,24,-1,20,24,16,-1,20,16,17,-1,20,21,23,-1]
  normalPerVertex TRUE
  normal DEF NORM_9 Normal { vector [
  0 1 0,0 0 1,
  0 0 1,0 0 1,
  0 1 0,0 1 0,
  0 1 0,0 1 0,
  0 0 1,0 1 0,
  0 1 0,0 1 0,
  0 1 0,0 1 0,
  0 1 0,0 1 0,
  0 1 0,0 1 0,
  0 1 0,0 0 1,
  0 1 0,0 1 0,
  0 0 1,0 1 0,
  0 1 0,0 1 0,
  0 1 0,0 1 0,
  0 1 0,0 1 0] }
}
}
] }
DEF TXFM_4 Transform {
  center 0 0 0
  rotation 0 0 1 0
  scale 1 1 1
  scaleOrientation 0 0 1 0
  translation 0 0 0
 children [
DEF SHAPE_10 Shape {
 appearance DEF APP_2 Appearance {
  material Material {
   ambientIntensity 0.18590686
   diffuseColor 0.50196081 0.50196081 1
   emissiveColor 0 0 0
   shininess 0.1
   specularColor 0.12 0.12 0.12
   transparency 0
} }
 geometry DEF FACE_10 IndexedFaceSet {
  coord DEF COORD_10 Coordinate { point [
  -0.16929134 0.61889764 0.4448666,-0.16929134 0.60708661 0.4448666,
  -0.16929134 0.60708661 0.52360676,-0.17948106 0.60708661 0.52226525,
  -0.18897638 0.60708661 0.51833217,-0.19713019 0.60708661 0.51207553,
  -0.20338683 0.60708661 0.50392172,-0.20731991 0.60708661 0.49442641,
  -0.20866142 0.60708661 0.48423668,-0.20731991 0.60708661 0.47404695,
  -0.20338683 0.60708661 0.46455164,-0.19713019 0.60708661 0.45639783,
  -0.18897638 0.60708661 0.45014119,-0.17948106 0.60708661 0.4462081,
  -0.16929134 0.61889764 0.52360676,-0.17948106 0.61889764 0.52226525,
  -0.18897638 0.61889764 0.51833217,-0.19713019 0.61889764 0.51207553,
  -0.20338683 0.61889764 0.50392172,-0.20731991 0.61889764 0.49442641,
  -0.20866142 0.61889764 0.48423668,-0.20731991 0.61889764 0.47404695,
  -0.20338683 0.61889764 0.46455164,-0.19713019 0.61889764 0.45639783,
  -0.18897638 0.61889764 0.45014119,-0.17948106 0.61889764 0.4462081] }
 coordIndex [
  3,14,2,-1,3,15,14,-1,4,16,15,-1,4,15,3,-1,5,17,16,-1,5,16,4,-1,6,18,17,-1,6,17,5,-1,
  7,19,18,-1,7,18,6,-1,8,20,19,-1,8,19,7,-1,9,21,20,-1,9,20,8,-1,10,22,21,-1,10,21,9,-1,
  11,23,22,-1,11,22,10,-1,12,24,23,-1,12,23,11,-1,13,25,24,-1,13,24,12,-1,1,0,25,-1,1,25,13,-1]
  normalPerVertex TRUE
  normal DEF NORM_10 Normal { vector [
  0.13052619 0 0.99144486,0.13052619 0 0.99144486,
  0.13052619 0 -0.99144486,0.21622209 0 -0.9763442,
  0.46155098 0 -0.88711369,0.67542593 0 -0.73742784,
  0.84327172 0 -0.5374875,0.95364993 0 -0.30091828,
  0.99903848 0 -0.04384197,0.9763442 0 0.21622209,
  0.88711369 0 0.46155098,0.73742784 0 0.67542593,
  0.5374875 0 0.84327172,0.30091828 0 0.95364993,
  0.13052619 0 -0.99144486,0.30091828 0 -0.95364993,
  0.5374875 0 -0.84327172,0.73742784 0 -0.67542593,
  0.88711369 0 -0.46155098,0.9763442 0 -0.21622209,
  0.99903848 0 0.04384197,0.95364993 0 0.30091828,
  0.84327172 0 0.5374875,0.67542593 0 0.73742784,
  0.46155098 0 0.88711369,0.21622209 0 0.9763442] }
}
}
DEF SHAPE_11 Shape {
 appearance USE APP_2
 geometry DEF FACE_11 IndexedFaceSet {
  coord DEF COORD_11 Coordinate { point [
  -0.3503937 0.61889764 0.40155951,-0.3503937 0.60708661 0.40155951,
  -0.3503937 0.60708661 0.48029967,-0.36058343 0.60708661 0.47895817,
  -0.37007874 0.60708661 0.47502508,-0.37823255 0.60708661 0.46876844,
  -0.38448919 0.60708661 0.46061463,-0.38842228 0.60708661 0.45111932,
  -0.38976378 0.60708661 0.44092959,-0.38842228 0.60708661 0.43073987,
  -0.38448919 0.60708661 0.42124455,-0.37823255 0.60708661 0.41309074,
  -0.37007874 0.60708661 0.4068341,-0.36058343 0.60708661 0.40290102,
  -0.3503937 0.61889764 0.48029967,-0.36058343 0.61889764 0.47895817,
  -0.37007874 0.61889764 0.47502508,-0.37823255 0.61889764 0.46876844,
  -0.38448919 0.61889764 0.46061463,-0.38842228 0.61889764 0.45111932,
  -0.38976378 0.61889764 0.44092959,-0.38842228 0.61889764 0.43073987,
  -0.38448919 0.61889764 0.42124455,-0.37823255 0.61889764 0.41309074,
  -0.37007874 0.61889764 0.4068341,-0.36058343 0.61889764 0.40290102] }
 coordIndex [
  3,14,2,-1,3,15,14,-1,4,16,15,-1,4,15,3,-1,5,17,16,-1,5,16,4,-1,6,18,17,-1,6,17,5,-1,
  7,19,18,-1,7,18,6,-1,8,20,19,-1,8,19,7,-1,9,21,20,-1,9,20,8,-1,10,22,21,-1,10,21,9,-1,
  11,23,22,-1,11,22,10,-1,12,24,23,-1,12,23,11,-1,13,25,24,-1,13,24,12,-1,1,0,25,-1,1,25,13,-1]
  normalPerVertex TRUE
  normal DEF NORM_11 Normal { vector [
  0.13052619 0 0.99144486,0.13052619 0 0.99144486,
  0.13052619 0 -0.99144486,0.21622209 0 -0.9763442,
  0.46155098 0 -0.88711369,0.67542593 0 -0.73742784,
  0.84327172 0 -0.5374875,0.95364993 0 -0.30091828,
  0.99903848 0 -0.04384197,0.9763442 0 0.21622209,
  0.88711369 0 0.46155098,0.73742784 0 0.67542593,
  0.5374875 0 0.84327172,0.30091828 0 0.95364993,
  0.13052619 0 -0.99144486,0.30091828 0 -0.95364993,
  0.5374875 0 -0.84327172,0.73742784 0 -0.67542593,
  0.88711369 0 -0.46155098,0.9763442 0 -0.21622209,
  0.99903848 0 0.04384197,0.95364993 0 0.30091828,
  0.84327172 0 0.5374875,0.67542593 0 0.73742784,
  0.46155098 0 0.88711369,0.21622209 0 0.9763442] }
}
}
DEF SHAPE_12 Shape {
 appearance USE APP_1
 geometry DEF FACE_12 IndexedFaceSet {
  coord DEF COORD_12 Coordinate { point [
  -0.27559055 -0.1015748 0.031480773,-0.2552111 -0.1015748 0.034163779,
  -0.23622047 -0.1015748 0.042029954,-0.21991285 -0.1015748 0.054543232,
  -0.20739957 -0.1015748 0.070850852,-0.1995334 -0.1015748 0.089841478,
  -0.19685039 -0.1015748 0.11022093,-0.1995334 -0.1015748 0.13060038,
  -0.20739957 -0.1015748 0.14959101,-0.21991285 -0.1015748 0.16589863,
  -0.23622047 -0.1015748 0.17841191,-0.2552111 -0.1015748 0.18627808,
  -0.27559055 -0.1015748 0.18896109,-0.27559055 0.58740157 0.031480773,
  -0.2552111 0.58740157 0.034163779,-0.23622047 0.58740157 0.042029954,
  -0.21991285 0.58740157 0.054543232,-0.20739957 0.58740157 0.070850852,
  -0.1995334 0.58740157 0.089841478,-0.19685039 0.58740157 0.11022093,
  -0.1995334 0.58740157 0.13060038,-0.20739957 0.58740157 0.14959101,
  -0.21991285 0.58740157 0.16589863,-0.23622047 0.58740157 0.17841191,
  -0.2552111 0.58740157 0.18627808,-0.27559055 0.58740157 0.18896109] }
 coordIndex [
  24,12,11,-1,24,25,12,-1,23,11,10,-1,23,24,11,-1,22,10,9,-1,22,23,10,-1,21,9,8,-1,21,22,9,-1,
  20,8,7,-1,20,21,8,-1,19,6,5,-1,19,7,6,-1,19,20,7,-1,18,19,5,-1,17,5,4,-1,17,18,5,-1,
  16,4,3,-1,16,17,4,-1,15,3,2,-1,15,16,3,-1,14,2,1,-1,14,15,2,-1,13,1,0,-1,13,14,1,-1]
  normalPerVertex TRUE
  normal DEF NORM_12 Normal { vector [
  0.13052619 0 -0.99144486,0.21622209 0 -0.9763442,
  0.46155098 0 -0.88711369,0.67542593 0 -0.73742784,
  0.84327172 0 -0.5374875,0.96592583 0 -0.25881905,
  1 0 0,0.9763442 0 0.21622209,
  0.88711369 0 0.46155098,0.73742784 0 0.67542593,
  0.5374875 0 0.84327172,0.30091828 0 0.95364993,
  0.13052619 0 0.99144486,0.13052619 0 -0.99144486,
  0.30091828 0 -0.95364993,0.5374875 0 -0.84327172,
  0.73742784 0 -0.67542593,0.88711369 0 -0.46155098,
  0.96592583 0 -0.25881905,1 0 0,
  0.95364993 0 0.30091828,0.84327172 0 0.5374875,
  0.67542593 0 0.73742784,0.46155098 0 0.88711369,
  0.21622209 0 0.9763442,0.13052619 0 0.99144486] }
}
}
DEF SHAPE_13 Shape {
 appearance USE APP_1
 geometry DEF FACE_13 IndexedFaceSet {
  coord DEF COORD_13 Coordinate { point [
  -0.27559055 0.58740157 -0.047259384,-0.23483165 0.58740157 -0.041893373,
  -0.19685039 0.58740157 -0.026161023,-0.16423515 0.58740157 -0.0011344678,
  -0.1392086 0.58740157 0.031480773,-0.12347625 0.58740157 0.069462026,
  -0.11811024 0.58740157 0.11022093,-0.12347625 0.58740157 0.15097984,
  -0.1392086 0.58740157 0.18896109,-0.16423515 0.58740157 0.22157633,
  -0.19685039 0.58740157 0.24660288,-0.23483165 0.58740157 0.26233523,
  -0.27559055 0.58740157 0.26770125,-0.27559055 0.60708661 -0.047259384,
  -0.23483165 0.60708661 -0.041893373,-0.19685039 0.60708661 -0.026161023,
  -0.16423515 0.60708661 -0.0011344678,-0.1392086 0.60708661 0.031480773,
  -0.12347625 0.60708661 0.069462026,-0.11811024 0.60708661 0.11022093,
  -0.12347625 0.60708661 0.15097984,-0.1392086 0.60708661 0.18896109,
  -0.16423515 0.60708661 0.22157633,-0.19685039 0.60708661 0.24660288,
  -0.23483165 0.60708661 0.26233523,-0.27559055 0.60708661 0.26770125] }
 coordIndex [
  24,12,11,-1,24,25,12,-1,23,11,10,-1,23,24,11,-1,22,10,9,-1,22,23,10,-1,21,9,8,-1,21,22,9,-1,
  20,8,7,-1,20,21,8,-1,19,7,6,-1,19,20,7,-1,18,6,5,-1,18,19,6,-1,17,5,4,-1,17,18,5,-1,
  16,4,3,-1,16,17,4,-1,15,3,2,-1,15,16,3,-1,14,2,1,-1,14,15,2,-1,13,1,0,-1,13,14,1,-1]
  normalPerVertex TRUE
  normal DEF NORM_13 Normal { vector [
  0.13052619 0 -0.99144486,0.21622209 0 -0.9763442,
  0.46155098 0 -0.88711369,0.67542593 0 -0.73742784,
  0.84327172 0 -0.5374875,0.95364993 0 -0.30091828,
  0.99903848 0 -0.04384197,0.9763442 0 0.21622209,
  0.88711369 0 0.46155098,0.73742784 0 0.67542593,
  0.5374875 0 0.84327172,0.30091828 0 0.95364993,
  0.13052619 0 0.99144486,0.13052619 0 -0.99144486,
  0.30091828 0 -0.95364993,0.5374875 0 -0.84327172,
  0.73742784 0 -0.67542593,0.88711369 0 -0.46155098,
  0.9763442 0 -0.21622209,0.99903848 0 0.04384197,
  0.95364993 0 0.30091828,0.84327172 0 0.5374875,
  0.67542593 0 0.73742784,0.46155098 0 0.88711369,
  0.21622209 0 0.9763442,0.13052619 0 0.99144486] }
}
}
DEF SHAPE_14 Shape {
 appearance USE APP_1
 geometry DEF FACE_14 IndexedFaceSet {
  coord DEF COORD_14 Coordinate { point [
  0.27559055 -0.1015748 0.031480773,0.29597 -0.1015748 0.034163779,
  0.31496063 -0.1015748 0.042029954,0.33126825 -0.1015748 0.054543232,
  0.34378153 -0.1015748 0.070850852,0.3516477 -0.1015748 0.089841478,
  0.35433071 -0.1015748 0.11022093,0.3516477 -0.1015748 0.13060038,
  0.34378153 -0.1015748 0.14959101,0.33126825 -0.1015748 0.16589863,
  0.31496063 -0.1015748 0.17841191,0.29597 -0.1015748 0.18627808,
  0.27559055 -0.1015748 0.18896109,0.27559055 0.58740157 0.031480773,
  0.29597 0.58740157 0.034163779,0.31496063 0.58740157 0.042029954,
  0.33126825 0.58740157 0.054543232,0.34378153 0.58740157 0.070850852,
  0.3516477 0.58740157 0.089841478,0.35433071 0.58740157 0.11022093,
  0.3516477 0.58740157 0.13060038,0.34378153 0.58740157 0.14959101,
  0.33126825 0.58740157 0.16589863,0.31496063 0.58740157 0.17841191,
  0.29597 0.58740157 0.18627808,0.27559055 0.58740157 0.18896109] }
 coordIndex [
  24,12,11,-1,24,25,12,-1,23,11,10,-1,23,24,11,-1,22,10,9,-1,22,23,10,-1,21,8,7,-1,21,9,8,-1,
  21,22,9,-1,20,21,7,-1,19,7,6,-1,19,20,7,-1,18,6,5,-1,18,19,6,-1,17,5,4,-1,17,18,5,-1,
  16,3,2,-1,16,4,3,-1,16,17,4,-1,15,16,2,-1,14,2,1,-1,14,15,2,-1,13,1,0,-1,13,14,1,-1]
  normalPerVertex TRUE
  normal DEF NORM_14 Normal { vector [
  0.13052619 0 -0.99144486,0.21622209 0 -0.9763442,
  0.5 0 -0.8660254,0.70710678 0 -0.70710678,
  0.84327172 0 -0.5374875,0.95364993 0 -0.30091828,
  0.99903848 0 -0.04384197,0.96592583 0 0.25881905,
  0.8660254 0 0.5,0.73742784 0 0.67542593,
  0.5374875 0 0.84327172,0.30091828 0 0.95364993,
  0.13052619 0 0.99144486,0.13052619 0 -0.99144486,
  0.30091828 0 -0.95364993,0.5 0 -0.8660254,
  0.70710678 0 -0.70710678,0.88711369 0 -0.46155098,
  0.9763442 0 -0.21622209,0.99903848 0 0.04384197,
  0.96592583 0 0.25881905,0.8660254 0 0.5,
  0.67542593 0 0.73742784,0.46155098 0 0.88711369,
  0.21622209 0 0.9763442,0.13052619 0 0.99144486] }
}
}
DEF SHAPE_15 Shape {
 appearance USE APP_1
 geometry DEF FACE_15 IndexedFaceSet {
  coord DEF COORD_15 Coordinate { point [
  0.27559055 0.58740157 -0.047259384,0.31634946 0.58740157 -0.041893373,
  0.35433071 0.58740157 -0.026161023,0.38694595 0.58740157 -0.0011344678,
  0.4119725 0.58740157 0.031480773,0.42770485 0.58740157 0.069462026,
  0.43307087 0.58740157 0.11022093,0.42770485 0.58740157 0.15097984,
  0.4119725 0.58740157 0.18896109,0.38694595 0.58740157 0.22157633,
  0.35433071 0.58740157 0.24660288,0.31634946 0.58740157 0.26233523,
  0.27559055 0.58740157 0.26770125,0.27559055 0.60708661 -0.047259384,
  0.31634946 0.60708661 -0.041893373,0.35433071 0.60708661 -0.026161023,
  0.38694595 0.60708661 -0.0011344678,0.4119725 0.60708661 0.031480773,
  0.42770485 0.60708661 0.069462026,0.43307087 0.60708661 0.11022093,
  0.42770485 0.60708661 0.15097984,0.4119725 0.60708661 0.18896109,
  0.38694595 0.60708661 0.22157633,0.35433071 0.60708661 0.24660288,
  0.31634946 0.60708661 0.26233523,0.27559055 0.60708661 0.26770125] }
 coordIndex [
  24,12,11,-1,24,25,12,-1,23,11,10,-1,23,24,11,-1,22,10,9,-1,22,23,10,-1,21,9,8,-1,21,22,9,-1,
  20,8,7,-1,20,21,8,-1,19,7,6,-1,19,20,7,-1,18,6,5,-1,18,19,6,-1,17,5,4,-1,17,18,5,-1,
  16,4,3,-1,16,17,4,-1,15,3,2,-1,15,16,3,-1,14,2,1,-1,14,15,2,-1,13,1,0,-1,13,14,1,-1]
  normalPerVertex TRUE
  normal DEF NORM_15 Normal { vector [
  0.13052619 0 -0.99144486,0.21622209 0 -0.9763442,
  0.46155098 0 -0.88711369,0.67542593 0 -0.73742784,
  0.84327172 0 -0.5374875,0.95364993 0 -0.30091828,
  0.99903848 0 -0.04384197,0.9763442 0 0.21622209,
  0.88711369 0 0.46155098,0.73742784 0 0.67542593,
  0.5374875 0 0.84327172,0.30091828 0 0.95364993,
  0.13052619 0 0.99144486,0.13052619 0 -0.99144486,
  0.30091828 0 -0.95364993,0.5374875 0 -0.84327172,
  0.73742784 0 -0.67542593,0.88711369 0 -0.46155098,
  0.9763442 0 -0.21622209,0.99903848 0 0.04384197,
  0.95364993 0 0.30091828,0.84327172 0 0.5374875,
  0.67542593 0 0.73742784,0.46155098 0 0.88711369,
  0.21622209 0 0.9763442,0.13052619 0 0.99144486] }
}
}
DEF SHAPE_16 Shape {
 appearance USE APP_1
 geometry DEF FACE_16 IndexedFaceSet {
  coord DEF COORD_16 Coordinate { point [
  0 0.60708661 -0.3031649,0 0.60314961 -0.3031649,
  0 0.60314961 0.87793747,-0.15284589 0.60314961 0.85781492,
  -0.29527559 0.60314961 0.79881861,-0.41758274 0.60314961 0.70496903,
  -0.51143233 0.60314961 0.58266188,-0.57042864 0.60314961 0.44023218,
  -0.59055118 0.60314961 0.28738629,-0.57042864 0.60314961 0.13454039,
  -0.51143233 0.60314961 -0.0078893054,-0.41758274 0.60314961 -0.13019646,
  -0.29527559 0.60314961 -0.22404604,-0.15284589 0.60314961 -0.28304235,
  0 0.60708661 0.87793747,-0.15284589 0.60708661 0.85781492,
  -0.29527559 0.60708661 0.79881861,-0.41758274 0.60708661 0.70496903,
  -0.51143233 0.60708661 0.58266188,-0.57042864 0.60708661 0.44023218,
  -0.59055118 0.60708661 0.28738629,-0.57042864 0.60708661 0.13454039,
  -0.51143233 0.60708661 -0.0078893054,-0.41758274 0.60708661 -0.13019646,
  -0.29527559 0.60708661 -0.22404604,-0.15284589 0.60708661 -0.28304235] }
 coordIndex [
  3,14,2,-1,3,15,14,-1,4,16,15,-1,4,15,3,-1,5,17,16,-1,5,16,4,-1,6,18,17,-1,6,17,5,-1,
  7,19,18,-1,7,18,6,-1,8,20,19,-1,8,19,7,-1,9,21,20,-1,9,20,8,-1,10,22,21,-1,10,21,9,-1,
  11,23,22,-1,11,22,10,-1,12,24,23,-1,12,23,11,-1,13,25,24,-1,13,24,12,-1,1,0,25,-1,1,25,13,-1]
  normalPerVertex TRUE
  normal DEF NORM_16 Normal { vector [
  0.13052619 0 0.99144486,0.13052619 0 0.99144486,
  0.13052619 0 -0.99144486,0.21622209 0 -0.9763442,
  0.46155098 0 -0.88711369,0.67542593 0 -0.73742784,
  0.84327172 0 -0.5374875,0.95364993 0 -0.30091828,
  0.99903848 0 -0.04384197,0.9763442 0 0.21622209,
  0.88711369 0 0.46155098,0.73742784 0 0.67542593,
  0.5374875 0 0.84327172,0.30091828 0 0.95364993,
  0.13052619 0 -0.99144486,0.30091828 0 -0.95364993,
  0.5374875 0 -0.84327172,0.73742784 0 -0.67542593,
  0.88711369 0 -0.46155098,0.9763442 0 -0.21622209,
  0.99903848 0 0.04384197,0.95364993 0 0.30091828,
  0.84327172 0 0.5374875,0.67542593 0 0.73742784,
  0.46155098 0 0.88711369,0.21622209 0 0.9763442] }
}
}
DEF SHAPE_17 Shape {
 appearance USE APP_1
 geometry DEF FACE_17 IndexedFaceSet {
  coord DEF COORD_17 Coordinate { point [
  0 1.1937008 1.0354178,0.1936048 1.1937008 1.0099292,
  0.37401575 1.1937008 0.93520056,0.52893814 1.1937008 0.81632443,
  0.64781428 1.1937008 0.66140203,0.72254294 1.1937008 0.48099108,
  0.7480315 1.1937008 0.28738629,0.72254294 1.1937008 0.093781488,
  0.64781428 1.1937008 -0.086629463,0.52893814 1.1937008 -0.24155186,
  0.37401575 1.1937008 -0.36042799,0.1936048 1.1937008 -0.43515666,
  0 1.1937008 -0.46064521,0 1.1923593 1.0456075,
  0 1.1884262 1.0551028,0 1.1821696 1.0632566,
  0 1.1740157 1.0695133,0 1.1645204 1.0734464,
  0 1.1543307 1.0747879,0 1.1543307 -0.50001529,
  0.20379452 1.1543307 -0.47318523,0.39370079 1.1543307 -0.39452348,
  0.55677699 1.1543307 -0.26939071,0.68190977 1.1543307 -0.1063145,
  0.76057152 1.1543307 0.083591761,0.78740157 1.1543307 0.28738629,
  0.76057152 1.1543307 0.49118081,0.68190977 1.1543307 0.68108707,
  0.55677699 1.1543307 0.84416328,0.39370079 1.1543307 0.96929605,
  0.20379452 1.1543307 1.0479578,0 1.1927137 -0.46940588,
  0 1.1898019 -0.47772725,0 1.1851115 -0.48519205,
  0 1.1788776 -0.49142598,0 1.1714127 -0.49611643,
  0 1.1630914 -0.4990282,0.19587222 1.1927137 -0.44361881,
  0.19802595 1.1898019 -0.45165664,0.19995799 1.1851115 -0.45886708,
  0.20157145 1.1788776 -0.46488859,0.20278542 1.1714127 -0.46941922,
  0.20344732 1.1645204 -0.47188944,0.37839608 1.1927137 -0.36801495,
  0.38255677 1.1898019 -0.37522147,0.38628917 1.1851115 -0.38168618,
  0.38940613 1.1788776 -0.38708492,0.39175136 1.1714127 -0.39114697,
  0.39303004 1.1645204 -0.39336171,0.53513287 1.1927137 -0.24774659,
  0.54101697 1.1898019 -0.25363068,0.54629538 1.1851115 -0.2589091,
  0.55070343 1.1788776 -0.26331715,0.55402008 1.1714127 -0.2666338,
  0.55582841 1.1645204 -0.26844212,0.65540124 1.1927137 -0.091009796,
  0.66260776 1.1898019 -0.095170481,0.66907247 1.1851115 -0.098902884,
  0.6744712 1.1788776 -0.10201985,0.67853325 1.1714127 -0.10436507,
  0.68074799 1.1645204 -0.10564375,0.7310051 1.1927137 0.09151406,
  0.73904292 1.1898019 0.089360331,0.74625337 1.1851115 0.087428297,
  0.75227488 1.1788776 0.085814839,0.7568055 1.1714127 0.084600862,
  0.75927572 1.1645204 0.083938968,0.75679216 1.1927137 0.28738629,
  0.76511353 1.1898019 0.28738629,0.77257834 1.1851115 0.28738629,
  0.77881226 1.1788776 0.28738629,0.78350271 1.1714127 0.28738629,
  0.78606007 1.1645204 0.28738629,0.7310051 1.1927137 0.48325851,
  0.73904292 1.1898019 0.48541224,0.74625337 1.1851115 0.48734427,
  0.75227488 1.1788776 0.48895773,0.7568055 1.1714127 0.49017171,
  0.75927572 1.1645204 0.4908336,0.65540124 1.1927137 0.66578237,
  0.66260776 1.1898019 0.66994305,0.66907247 1.1851115 0.67367545,
  0.6744712 1.1788776 0.67679242,0.67853325 1.1714127 0.67913764,
  0.68074799 1.1645204 0.68041632,0.53513287 1.1927137 0.82251916,
  0.54101697 1.1898019 0.82840325,0.54629538 1.1851115 0.83368167,
  0.55070343 1.1788776 0.83808972,0.55402008 1.1714127 0.84140637,
  0.55582841 1.1645204 0.84321469,0.37839608 1.1927137 0.94278752,
  0.38255677 1.1898019 0.94999404,0.38628917 1.1851115 0.95645875,
  0.38940613 1.1788776 0.96185749,0.39175136 1.1714127 0.96591954,
  0.39303004 1.1645204 0.96813428,0.19587222 1.1927137 1.0183914,
  0.19802595 1.1898019 1.0264292,0.19995799 1.1851115 1.0336397,
  0.20157145 1.1788776 1.0396612,0.20278542 1.1714127 1.0441918,
  0.20344732 1.1645204 1.046662] }
 coordIndex [
  20,19,36,-1,37,12,11,-1,37,31,12,-1,38,32,31,-1,38,31,37,-1,39,32,38,-1,39,33,32,-1,40,34,33,-1,
  40,33,39,-1,41,35,34,-1,41,34,40,-1,42,36,35,-1,42,35,41,-1,42,20,36,-1,43,11,10,-1,43,37,11,-1,
  44,38,37,-1,44,37,43,-1,45,39,38,-1,45,38,44,-1,46,39,45,-1,46,40,39,-1,47,41,40,-1,47,40,46,-1,
  48,21,20,-1,48,42,41,-1,48,20,42,-1,48,41,47,-1,49,10,9,-1,49,43,10,-1,50,44,43,-1,50,43,49,-1,
  51,44,50,-1,51,45,44,-1,52,45,51,-1,52,46,45,-1,53,47,46,-1,53,46,52,-1,54,21,48,-1,54,47,53,-1,
  54,22,21,-1,54,48,47,-1,55,9,8,-1,55,49,9,-1,56,49,55,-1,56,50,49,-1,57,50,56,-1,57,51,50,-1,
  58,51,57,-1,58,52,51,-1,59,53,52,-1,59,52,58,-1,60,23,22,-1,60,54,53,-1,60,22,54,-1,60,53,59,-1,
  61,8,7,-1,61,55,8,-1,62,56,55,-1,62,55,61,-1,63,57,56,-1,63,56,62,-1,64,58,57,-1,64,57,63,-1,
  65,59,58,-1,65,58,64,-1,66,24,23,-1,66,25,24,-1,66,59,65,-1,66,23,60,-1,66,60,59,-1,67,7,6,-1,
  67,61,7,-1,68,62,61,-1,68,63,62,-1,68,61,67,-1,69,63,68,-1,70,64,63,-1,70,63,69,-1,71,64,70,-1,
  71,65,64,-1,72,26,25,-1,72,25,66,-1,72,66,65,-1,72,65,71,-1,73,6,5,-1,73,67,6,-1,73,68,67,-1,
  74,68,73,-1,75,69,68,-1,75,70,69,-1,75,68,74,-1,76,70,75,-1,77,70,76,-1,77,71,70,-1,78,26,72,-1,
  78,72,71,-1,78,71,77,-1,79,5,4,-1,79,73,5,-1,80,74,73,-1,80,73,79,-1,81,75,74,-1,81,74,80,-1,
  82,75,81,-1,82,76,75,-1,83,76,82,-1,83,77,76,-1,83,78,77,-1,84,78,83,-1,84,27,26,-1,84,26,78,-1,
  85,4,3,-1,85,79,4,-1,86,81,80,-1,86,79,85,-1,86,80,79,-1,87,81,86,-1,88,81,87,-1,88,82,81,-1,
  89,83,82,-1,89,82,88,-1,90,84,83,-1,90,27,84,-1,90,83,89,-1,90,28,27,-1,91,3,2,-1,91,86,85,-1,
  91,85,3,-1,92,87,86,-1,92,86,91,-1,93,87,92,-1,94,88,87,-1,94,89,88,-1,94,87,93,-1,95,89,94,-1,
  96,89,95,-1,96,29,28,-1,96,90,89,-1,96,28,90,-1,97,1,0,-1,97,2,1,-1,97,0,13,-1,97,91,2,-1,
  98,97,13,-1,98,13,14,-1,98,92,91,-1,98,91,97,-1,99,14,15,-1,99,98,14,-1,99,93,92,-1,99,92,98,-1,
  100,99,15,-1,100,93,99,-1,100,15,16,-1,100,94,93,-1,100,95,94,-1,101,100,16,-1,101,16,17,-1,101,95,100,-1,
  102,17,18,-1,102,30,29,-1,102,18,30,-1,102,29,96,-1,102,96,95,-1,102,101,17,-1,102,95,101,-1]
  normalPerVertex TRUE
  normal DEF NORM_17 Normal { vector [
  0.015606165 0.99240742 0.12199988,0.028978539 0.99371221 0.10814938,
  0.051693322 0.99370003 0.099438702,0.075668545 0.99370003 0.082671194,
  0.094487081 0.99370003 0.060269781,0.10686648 0.99370003 0.033761082,
  0.1119631 0.99370003 0.0049516209,0.10942963 0.99370003 -0.024195285,
  0.099438702 0.99370003 -0.051693322,0.082671194 0.99370003 -0.075668545,
  0.060269781 0.99370003 -0.094487081,0.033761082 0.99370003 -0.10686648,
  0.014738802 0.99360427 -0.11195231,0.036386327 0.95908943 0.28075522,
  0.066267862 0.85824942 0.50893663,0.091944585 0.70389951 0.70432356,
  0.11184813 0.50635886 0.85503842,0.12480297 0.28033549 0.95175429,
  0.12942831 0.12942831 0.9831056,0.12971932 0.11101846 -0.98531609,
  0.26151503 0.12639805 -0.95688736,0.53285631 0.1304031 -0.83609759,
  0.73109765 0.1304031 -0.6696949,0.8795159 0.1304031 -0.4576536,
  0.9576622 0.13052619 -0.25660481,0.99050991 0.1304031 -0.043418302,
  0.9576622 0.13052619 0.25660481,0.83609759 0.1304031 0.53285631,
  0.6696949 0.1304031 0.73109765,0.4576536 0.1304031 0.8795159,
  0.25660481 0.13052619 0.9576622,0.034106963 0.96525667 -0.25906811,
  0.061445361 0.88226601 -0.46672385,0.085594041 0.75496819 -0.65015129,
  0.1053603 0.59028269 -0.80029091,0.11905938 0.40583702 -0.90615737,
  0.12830425 0.18710557 -0.9739248,0.062460748 0.97482165 -0.21405935,
  0.11687773 0.90079092 -0.41822878,0.1654035 0.78161719 -0.60142851,
  0.20560263 0.62328033 -0.75448604,0.22973288 0.45051358 -0.86270523,
  0.22684731 0.24429193 -0.94279465,0.11573509 0.97482165 -0.19059942,
  0.22114079 0.90079092 -0.3737278,0.31542867 0.78161719 -0.53812575,
  0.39387225 0.62328033 -0.67556367,0.44518946 0.45051358 -0.77385002,
  0.45001706 0.22222942 -0.86492701,0.16112227 0.97482165 -0.15415046,
  0.31033347 0.90079092 -0.30375788,0.44395789 0.78161719 -0.43815062,
  0.55530012 0.62328033 -0.55060276,0.63030712 0.45051358 -0.63225821,
  0.65854269 0.22222942 -0.71898235,0.19552924 0.97482165 -0.1071964,
  0.37837744 0.90079092 -0.21308737,0.54223211 0.78161719 -0.30831624,
  0.67888521 0.62328033 -0.38811918,0.7724704 0.45051358 -0.44757905,
  0.82218971 0.22222942 -0.52404023,0.21661121 0.97482165 -0.052937081,
  0.39730001 0.91039964 -0.11543479,0.59377336 0.79143853 -0.14511463,
  0.75620539 0.62328033 -0.19918592,0.86199109 0.45051358 -0.23239811,
  0.94107785 0.20748098 -0.26706577,0.20070439 0.97964744 -0.0029384517,
  0.43440744 0.90071648 0,0.6234898 0.78183148 0,
  0.77180632 0.63565279 0.016140969,0.89276851 0.45051358 -0.0013796258,
  0.974914 0.22242488 0.0083591694,0.23109103 0.97109536 0.059755726,
  0.4350303 0.89079575 0.13126905,0.61716668 0.77140307 0.15505677,
  0.76260395 0.60547777 0.22766617,0.85933646 0.46828951 0.20553781,
  0.93271995 0.2599475 0.24992156,0.19059942 0.97482165 0.11573509,
  0.36255826 0.91039964 0.19930881,0.52247271 0.79143853 0.31724963,
  0.67556367 0.62328033 0.39387225,0.78753727 0.43714498 0.43438383,
  0.86266269 0.20169707 0.46382256,0.14399723 0.97964744 0.13984163,
  0.30400284 0.90758656 0.28960129,0.42153864 0.78133094 0.46024682,
  0.55589512 0.64072348 0.52957911,0.61525196 0.46325566 0.63785518,
  0.71898235 0.22222942 0.65854269,0.12115235 0.97109536 0.20565971,
  0.23380371 0.88393625 0.40495991,0.30414786 0.76735713 0.56449722,
  0.42046293 0.62291726 0.65968554,0.41217458 0.45016936 0.79212352,
  0.52404023 0.22222942 0.82218971,0.047657279 0.98225166 0.18141243,
  0.10315761 0.91301404 0.39466932,0.15326102 0.7950728 0.58683072,
  0.21414166 0.62081521 0.75414311,0.20446091 0.43417745 0.87731732,
  0.26706577 0.20748098 0.94107785] }
}
}
DEF SHAPE_18 Shape {
 appearance USE APP_1
 geometry DEF FACE_18 IndexedFaceSet {
  coord DEF COORD_18 Coordinate { point [
  0 0.64251969 1.0747879,0.20379452 0.64251969 1.0479578,
  0.39370079 0.64251969 0.96929605,0.55677699 0.64251969 0.84416328,
  0.68190977 0.64251969 0.68108707,0.76057152 0.64251969 0.49118081,
  0.78740157 0.64251969 0.28738629,0.76057152 0.64251969 0.083591761,
  0.68190977 0.64251969 -0.1063145,0.55677699 0.64251969 -0.26939071,
  0.39370079 0.64251969 -0.39452348,0.20379452 0.64251969 -0.47318523,
  0 0.64251969 -0.50001529,0 0.63375902 1.0738008,
  0 0.62543765 1.070889,0 0.61797284 1.0661985,
  0 0.61173892 1.0599646,0 0.60704847 1.0524998,
  0 0.6041367 1.0441784,0 0.60314961 1.0354178,
  0 0.60314961 -0.46064521,0.1936048 0.60314961 -0.43515666,
  0.37401575 0.60314961 -0.36042799,0.52893814 0.60314961 -0.24155186,
  0.64781428 0.60314961 -0.086629463,0.72254294 0.60314961 0.093781488,
  0.7480315 0.60314961 0.28738629,0.72254294 0.60314961 0.48099108,
  0.64781428 0.60314961 0.66140203,0.52893814 0.60314961 0.81632443,
  0.37401575 0.60314961 0.93520056,0.1936048 0.60314961 1.0099292,
  0 0.63232996 -0.49867379,0 0.62283465 -0.4947407,
  0 0.61468084 -0.48848406,0 0.6084242 -0.48033025,
  0 0.60449111 -0.47083494,0.20353905 0.63375902 -0.47223178,
  0.20278542 0.62543765 -0.46941922,0.20157145 0.61797284 -0.46488859,
  0.19995799 0.61173892 -0.45886708,0.19802595 0.60704847 -0.45165664,
  0.19624209 0.60449111 -0.44499918,0.39320724 0.63375902 -0.39366864,
  0.39175136 0.62543765 -0.39114697,0.38940613 0.61797284 -0.38708492,
  0.38628917 0.61173892 -0.38168618,0.38255677 0.60704847 -0.37522147,
  0.37911061 0.60449111 -0.36925255,0.55607901 0.63375902 -0.26869273,
  0.55402008 0.62543765 -0.2666338,0.55070343 0.61797284 -0.26331715,
  0.54629538 0.61173892 -0.2589091,0.54101697 0.60704847 -0.25363068,
  0.53614337 0.60449111 -0.24875708,0.68105492 0.63375902 -0.10582096,
  0.67853325 0.62543765 -0.10436507,0.6744712 0.61797284 -0.10201985,
  0.66907247 0.61173892 -0.098902884,0.66260776 0.60704847 -0.095170481,
  0.65663884 0.60449111 -0.091724326,0.75961806 0.63375902 0.083847239,
  0.7568055 0.62543765 0.084600862,0.75227488 0.61797284 0.085814839,
  0.74625337 0.61173892 0.087428297,0.73904292 0.60704847 0.089360331,
  0.73238546 0.60449111 0.091144192,0.78641448 0.63375902 0.28738629,
  0.78350271 0.62543765 0.28738629,0.77881226 0.61797284 0.28738629,
  0.77257834 0.61173892 0.28738629,0.76511353 0.60704847 0.28738629,
  0.75822122 0.60449111 0.28738629,0.75961806 0.63375902 0.49092533,
  0.7568055 0.62543765 0.49017171,0.75227488 0.61797284 0.48895773,
  0.74625337 0.61173892 0.48734427,0.73904292 0.60704847 0.48541224,
  0.73238546 0.60449111 0.48362838,0.68105492 0.63375902 0.68059353,
  0.67853325 0.62543765 0.67913764,0.6744712 0.61797284 0.67679242,
  0.66907247 0.61173892 0.67367545,0.66260776 0.60704847 0.66994305,
  0.65663884 0.60449111 0.6664969,0.55607901 0.63375902 0.8434653,
  0.55402008 0.62543765 0.84140637,0.55070343 0.61797284 0.83808972,
  0.54629538 0.61173892 0.83368167,0.54101697 0.60704847 0.82840325,
  0.53614337 0.60449111 0.82352965,0.39320724 0.63375902 0.96844121,
  0.39175136 0.62543765 0.96591954,0.38940613 0.61797284 0.96185749,
  0.38628917 0.61173892 0.95645875,0.38255677 0.60704847 0.94999404,
  0.37911061 0.60449111 0.94402513,0.20353905 0.63375902 1.0470043,
  0.20278542 0.62543765 1.0441918,0.20157145 0.61797284 1.0396612,
  0.19995799 0.61173892 1.0336397,0.19802595 0.60704847 1.0264292,
  0.19624209 0.60449111 1.0197717] }
 coordIndex [
  13,1,0,-1,19,31,18,-1,37,12,11,-1,37,32,12,-1,38,33,32,-1,38,32,37,-1,39,34,33,-1,39,33,38,-1,
  40,35,34,-1,40,34,39,-1,41,36,35,-1,41,35,40,-1,42,21,20,-1,42,20,36,-1,42,36,41,-1,43,11,10,-1,
  43,37,11,-1,44,38,37,-1,44,37,43,-1,45,39,38,-1,45,38,44,-1,46,40,39,-1,46,39,45,-1,47,40,46,-1,
  47,41,40,-1,48,21,42,-1,48,22,21,-1,48,42,41,-1,48,41,47,-1,49,10,9,-1,49,43,10,-1,50,44,43,-1,
  50,43,49,-1,51,45,44,-1,51,44,50,-1,52,46,45,-1,52,45,51,-1,53,46,52,-1,53,47,46,-1,54,47,53,-1,
  54,23,22,-1,54,22,48,-1,54,48,47,-1,55,9,8,-1,55,49,9,-1,56,49,55,-1,56,50,49,-1,57,51,50,-1,
  57,50,56,-1,58,52,51,-1,58,51,57,-1,58,53,52,-1,59,53,58,-1,60,54,53,-1,60,23,54,-1,60,24,23,-1,
  60,53,59,-1,61,8,7,-1,61,55,8,-1,62,56,55,-1,62,55,61,-1,63,57,56,-1,63,56,62,-1,64,58,57,-1,
  64,57,63,-1,65,59,58,-1,65,58,64,-1,66,25,24,-1,66,24,60,-1,66,60,59,-1,66,59,65,-1,67,6,5,-1,
  67,7,6,-1,67,61,7,-1,68,62,61,-1,68,63,62,-1,68,61,67,-1,69,63,68,-1,70,64,63,-1,70,63,69,-1,
  71,64,70,-1,71,65,64,-1,71,66,65,-1,72,26,25,-1,72,25,66,-1,72,66,71,-1,73,5,4,-1,73,67,5,-1,
  74,68,67,-1,74,67,73,-1,75,69,68,-1,75,70,69,-1,75,68,74,-1,76,70,75,-1,77,71,70,-1,77,70,76,-1,
  78,27,26,-1,78,26,72,-1,78,72,71,-1,78,71,77,-1,79,73,4,-1,79,74,73,-1,80,74,79,-1,81,75,74,-1,
  81,76,75,-1,81,74,80,-1,82,76,81,-1,83,77,76,-1,83,76,82,-1,84,77,83,-1,84,28,27,-1,84,27,78,-1,
  84,78,77,-1,85,4,3,-1,85,79,4,-1,86,80,79,-1,86,79,85,-1,87,80,86,-1,87,81,80,-1,88,81,87,-1,
  88,83,82,-1,88,82,81,-1,89,83,88,-1,90,84,83,-1,90,28,84,-1,90,83,89,-1,90,29,28,-1,91,85,3,-1,
  91,3,2,-1,92,85,91,-1,92,86,85,-1,93,87,86,-1,93,86,92,-1,94,88,87,-1,94,87,93,-1,95,89,88,-1,
  95,88,94,-1,96,30,29,-1,96,90,89,-1,96,29,90,-1,96,89,95,-1,97,2,1,-1,97,13,14,-1,97,91,2,-1,
  97,92,91,-1,97,1,13,-1,98,97,14,-1,98,92,97,-1,99,14,15,-1,99,93,92,-1,99,98,14,-1,99,92,98,-1,
  100,15,16,-1,100,95,94,-1,100,99,15,-1,100,94,93,-1,100,93,99,-1,101,16,17,-1,101,100,16,-1,101,95,100,-1,
  102,18,31,-1,102,17,18,-1,102,31,30,-1,102,30,96,-1,102,96,95,-1,102,95,101,-1,102,101,17,-1]
  normalPerVertex TRUE
  normal DEF NORM_18 Normal { vector [
  0.12971932 -0.11101846 0.98531609,0.21490065 -0.11185834 0.97020896,
  0.45868664 -0.11185834 0.88152951,0.6712139 -0.11185834 0.73277528,
  0.86058002 -0.11196448 0.4968561,0.97020896 -0.11185834 0.21490065,
  0.99371221 -0.11196448 0,0.97020896 -0.11185834 -0.21490065,
  0.88152951 -0.11185834 -0.45868664,0.73277528 -0.11185834 -0.6712139,
  0.53408363 -0.11185834 -0.83799904,0.29899506 -0.11185834 -0.94767593,
  0.12914347 -0.120934 -0.98422403,0.12829253 -0.18420822 0.97447851,
  0.11780437 -0.43061784 0.89481305,0.099300836 -0.64901776 0.75426474,
  0.077950832 -0.802089 0.59209535,0.053532565 -0.91118979 0.40849411,
  0.024962256 -0.98167291 0.18893168,0.014738802 -0.99360427 0.11195231,
  0.017181563 -0.99129851 -0.13050692,0.039364881 -0.9914283 -0.12458061,
  0.07026739 -0.9914283 -0.11014725,0.096381293 -0.9914283 -0.088207535,
  0.11592697 -0.9914283 -0.060256622,0.12757242 -0.9914283 -0.02819932,
  0.13052401 -0.9914283 0.0057797198,0.12458061 -0.9914283 0.039364881,
  0.11014725 -0.9914283 0.07026739,0.088207535 -0.9914283 0.096381293,
  0.060256622 -0.9914283 0.11592697,0.028309949 -0.99215034 0.12180417,
  0.12482789 -0.27824147 -0.95236531,0.11184813 -0.50635886 -0.85503842,
  0.091944585 -0.70389951 -0.70432356,0.066267862 -0.85824942 -0.50893663,
  0.036716195 -0.95847062 -0.28281794,0.24777691 -0.22292773 -0.94282015,
  0.22746333 -0.44056234 -0.86842689,0.19541226 -0.63473319 -0.74761476,
  0.15326102 -0.7950728 -0.58683072,0.10559684 -0.90655598 -0.40866314,
  0.048560969 -0.97937211 -0.19614305,0.48643 -0.22242997 -0.8449324,
  0.44850003 -0.43371832 -0.78149609,0.38811918 -0.62328033 -0.67888521,
  0.30831624 -0.78161719 -0.54223211,0.22026526 -0.89253786 -0.39352176,
  0.10297659 -0.97478946 -0.19794273,0.68853989 -0.22242997 -0.69024468,
  0.63548384 -0.43371832 -0.63878691,0.55060276 -0.62328033 -0.55530012,
  0.4398869 -0.76735713 -0.46654318,0.33210224 -0.88590802 -0.32384424,
  0.1506991 -0.97478946 -0.16454569,0.84372694 -0.22242997 -0.48851793,
  0.77916047 -0.43371832 -0.45254545,0.67556367 -0.62328033 -0.39387225,
  0.52247271 -0.79143853 -0.31724963,0.37841441 -0.90180129 -0.20870305,
  0.18815171 -0.97478946 -0.11993514,0.94141538 -0.22242997 -0.25349948,
  0.8727517 -0.41328494 -0.25980769,0.76833671 -0.61052451 -0.19214193,
  0.60142851 -0.78161719 -0.1654035,0.44868949 -0.88328598 -0.13595448,
  0.22972898 -0.97111039 -0.064569346,0.9782492 -0.20666832 0.017796147,
  0.89383003 -0.44804664 -0.017946829,0.78183148 -0.6234898 0,
  0.63626888 -0.77140307 0.009961148,0.43771205 -0.89904506 -0.011231399,
  0.20202814 -0.97937211 -0.0038592641,0.93916981 -0.20040872 0.27892009,
  0.87275534 -0.41908118 0.25033793,0.76378031 -0.62291726 0.16915594,
  0.59518658 -0.78133094 0.18781612,0.43712168 -0.89253786 0.11090898,
  0.2178503 -0.97478946 0.048236403,0.83650568 -0.25886483 0.48295678,
  0.76029036 -0.45386214 0.46472329,0.67647437 -0.63565279 0.37192467,
  0.53995801 -0.78183148 0.3117449,0.3987639 -0.88590802 0.23696907,
  0.19794273 -0.97478946 0.10297659,0.69024468 -0.22242997 0.68853989,
  0.63878691 -0.43371832 0.63548384,0.55530012 -0.62328033 0.55060276,
  0.44166549 -0.79143853 0.42255964,0.29953252 -0.90180129 0.31150393,
  0.16454569 -0.97478946 0.1506991,0.51249115 -0.20040872 0.83497854,
  0.44011557 -0.41908118 0.79414687,0.39387225 -0.62328033 0.67556367,
  0.336795 -0.76735713 0.54564838,0.22685513 -0.88590802 0.40460319,
  0.11993514 -0.97478946 0.18815171,0.26953332 -0.23801866 0.93311248,
  0.2331879 -0.43388374 0.8702691,0.20828985 -0.59358653 0.77734829,
  0.17430023 -0.77140307 0.61201041,0.10660471 -0.88328598 0.45655374,
  0.063830413 -0.97109768 0.22998907] }
}
}
DEF SHAPE_19 Shape {
 appearance DEF APP_3 Appearance {
  material Material {
   ambientIntensity 0.39843753
   diffuseColor 0.25098038 0.25098038 0.25098038
   emissiveColor 0 0 0
   shininess 0.1
   specularColor 0.12 0.12 0.12
   transparency 0
} }
 geometry DEF FACE_19 IndexedFaceSet {
  coord DEF COORD_19 Coordinate { point [
  0 1.292126 0.97636266,0.17832021 1.292126 0.95288636,
  0.34448819 1.292126 0.88405733,0.48717987 1.292126 0.77456615,
  0.59667105 1.292126 0.63187447,0.66550008 1.292126 0.46570649,
  0.68897638 1.292126 0.28738629,0.66550008 1.292126 0.10906608,
  0.59667105 1.292126 -0.057101904,0.48717987 1.292126 -0.19979358,
  0.34448819 1.292126 -0.30928476,0.17832021 1.292126 -0.37811379,
  0 1.292126 -0.40159009,0 1.1937008 0.97636266,
  0.17832021 1.1937008 0.95288636,0.34448819 1.1937008 0.88405733,
  0.48717987 1.1937008 0.77456615,0.59667105 1.1937008 0.63187447,
  0.66550008 1.1937008 0.46570649,0.68897638 1.1937008 0.28738629,
  0.66550008 1.1937008 0.10906608,0.59667105 1.1937008 -0.057101904,
  0.48717987 1.1937008 -0.19979358,0.34448819 1.1937008 -0.30928476,
  0.17832021 1.1937008 -0.37811379,0 1.1937008 -0.40159009] }
 coordIndex [
  24,11,10,-1,24,12,11,-1,24,25,12,-1,23,10,9,-1,23,24,10,-1,22,23,9,-1,21,9,8,-1,21,22,9,-1,
  20,8,7,-1,20,21,8,-1,19,7,6,-1,19,20,7,-1,18,6,5,-1,18,19,6,-1,17,5,4,-1,17,18,5,-1,
  16,4,3,-1,16,17,4,-1,15,3,2,-1,15,16,3,-1,14,2,1,-1,14,15,2,-1,13,1,0,-1,13,14,1,-1]
  normalPerVertex TRUE
  normal DEF NORM_19 Normal { vector [
  0.13052619 0 0.99144486,0.21622209 0 0.9763442,
  0.46155098 0 0.88711369,0.67542593 0 0.73742784,
  0.84327172 0 0.5374875,0.95364993 0 0.30091828,
  0.99903848 0 0.04384197,0.9763442 0 -0.21622209,
  0.88711369 0 -0.46155098,0.70710678 0 -0.70710678,
  0.46155098 0 -0.88711369,0.25881905 0 -0.96592583,
  0.13052619 0 -0.99144486,0.13052619 0 0.99144486,
  0.30091828 0 0.95364993,0.5374875 0 0.84327172,
  0.73742784 0 0.67542593,0.88711369 0 0.46155098,
  0.9763442 0 0.21622209,0.99903848 0 -0.04384197,
  0.95364993 0 -0.30091828,0.84327172 0 -0.5374875,
  0.70710678 0 -0.70710678,0.5374875 0 -0.84327172,
  0.25881905 0 -0.96592583,0.13052619 0 -0.99144486] }
}
}
DEF SHAPE_20 Shape {
 appearance USE APP_1
 geometry DEF FACE_20 IndexedFaceSet {
  coord DEF COORD_20 Coordinate { point [
  0 0.64251969 1.0747879,0.20379452 0.64251969 1.0479578,
  0.39370079 0.64251969 0.96929605,0.55677699 0.64251969 0.84416328,
  0.68190977 0.64251969 0.68108707,0.76057152 0.64251969 0.49118081,
  0.78740157 0.64251969 0.28738629,0.76057152 0.64251969 0.083591761,
  0.68190977 0.64251969 -0.1063145,0.55677699 0.64251969 -0.26939071,
  0.39370079 0.64251969 -0.39452348,0.20379452 0.64251969 -0.47318523,
  0 0.64251969 -0.50001529,0 1.1543307 -0.50001529,
  0.20379452 1.1543307 -0.47318523,0.39370079 1.1543307 -0.39452348,
  0.55677699 1.1543307 -0.26939071,0.68190977 1.1543307 -0.1063145,
  0.76057152 1.1543307 0.083591761,0.78740157 1.1543307 0.28738629,
  0.76057152 1.1543307 0.49118081,0.68190977 1.1543307 0.68108707,
  0.55677699 1.1543307 0.84416328,0.39370079 1.1543307 0.96929605,
  0.20379452 1.1543307 1.0479578,0 1.1543307 1.0747879] }
 coordIndex [
  24,0,1,-1,24,25,0,-1,23,1,2,-1,23,24,1,-1,22,2,3,-1,22,23,2,-1,21,3,4,-1,21,22,3,-1,
  20,4,5,-1,20,21,4,-1,19,5,6,-1,19,20,5,-1,18,6,7,-1,18,7,8,-1,18,19,6,-1,17,18,8,-1,
  16,8,9,-1,16,9,10,-1,16,17,8,-1,15,16,10,-1,14,10,11,-1,14,11,12,-1,14,15,10,-1,13,14,12,-1]
  normalPerVertex TRUE
  normal DEF NORM_20 Normal { vector [
  0.13052619 0 0.99144486,0.30091828 0 0.95364993,
  0.5374875 0 0.84327172,0.73742784 0 0.67542593,
  0.88711369 0 0.46155098,0.9763442 0 0.21622209,
  0.99903848 0 -0.04384197,0.96592583 0 -0.25881905,
  0.8660254 0 -0.5,0.70710678 0 -0.70710678,
  0.5 0 -0.8660254,0.25881905 0 -0.96592583,
  0.13052619 0 -0.99144486,0.13052619 0 -0.99144486,
  0.25881905 0 -0.96592583,0.5 0 -0.8660254,
  0.70710678 0 -0.70710678,0.8660254 0 -0.5,
  0.96592583 0 -0.25881905,0.99903848 0 0.04384197,
  0.95364993 0 0.30091828,0.84327172 0 0.5374875,
  0.67542593 0 0.73742784,0.46155098 0 0.88711369,
  0.21622209 0 0.9763442,0.13052619 0 0.99144486] }
}
}
DEF SHAPE_21 Shape {
 appearance USE APP_1
 geometry DEF FACE_21 IndexedFaceSet {
  coord DEF COORD_21 Coordinate { point [
  0 0.64251969 -0.50001529,0 1.1543307 -0.50001529,
  -0.20379452 0.64251969 -0.47318523,-0.39370079 0.64251969 -0.39452348,
  -0.55677699 0.64251969 -0.26939071,-0.68190977 0.64251969 -0.1063145,
  -0.76057152 0.64251969 0.083591761,-0.78740157 0.64251969 0.28738629,
  -0.76057152 0.64251969 0.49118081,-0.68190977 0.64251969 0.68108707,
  -0.55677699 0.64251969 0.84416328,-0.39370079 0.64251969 0.96929605,
  -0.20379452 0.64251969 1.0479578,0 0.64251969 1.0747879,
  0 1.1543307 1.0747879,-0.20379452 1.1543307 1.0479578,
  -0.39370079 1.1543307 0.96929605,-0.55677699 1.1543307 0.84416328,
  -0.68190977 1.1543307 0.68108707,-0.76057152 1.1543307 0.49118081,
  -0.78740157 1.1543307 0.28738629,-0.76057152 1.1543307 0.083591761,
  -0.68190977 1.1543307 -0.1063145,-0.55677699 1.1543307 -0.26939071,
  -0.39370079 1.1543307 -0.39452348,-0.20379452 1.1543307 -0.47318523] }
 coordIndex [
  1,0,2,-1,25,2,3,-1,25,1,2,-1,24,3,4,-1,24,25,3,-1,23,4,5,-1,23,24,4,-1,22,5,6,-1,
  22,23,5,-1,21,22,6,-1,20,6,7,-1,20,21,6,-1,19,7,8,-1,19,20,7,-1,18,8,9,-1,18,9,10,-1,
  18,19,8,-1,17,18,10,-1,16,10,11,-1,16,17,10,-1,15,11,12,-1,15,16,11,-1,14,12,13,-1,14,15,12,-1]
  normalPerVertex TRUE
  normal DEF NORM_21 Normal { vector [
  -0.13052619 0 -0.99144486,-0.13052619 0 -0.99144486,
  -0.21622209 0 -0.9763442,-0.46155098 0 -0.88711369,
  -0.67542593 0 -0.73742784,-0.84327172 0 -0.5374875,
  -0.96592583 0 -0.25881905,-0.99903848 0 0.04384197,
  -0.95364993 0 0.30091828,-0.8660254 0 0.5,
  -0.70710678 0 0.70710678,-0.46155098 0 0.88711369,
  -0.21622209 0 0.9763442,-0.13052619 0 0.99144486,
  -0.13052619 0 0.99144486,-0.30091828 0 0.95364993,
  -0.5374875 0 0.84327172,-0.70710678 0 0.70710678,
  -0.8660254 0 0.5,-0.9763442 0 0.21622209,
  -0.99903848 0 -0.04384197,-0.96592583 0 -0.25881905,
  -0.88711369 0 -0.46155098,-0.73742784 0 -0.67542593,
  -0.5374875 0 -0.84327172,-0.30091828 0 -0.95364993] }
}
}
DEF SHAPE_22 Shape {
 appearance USE APP_3
 geometry DEF FACE_22 IndexedFaceSet {
  coord DEF COORD_22 Coordinate { point [
  0 1.292126 0.97636266,0 1.1937008 0.97636266,
  0 1.292126 -0.40159009,-0.17832021 1.292126 -0.37811379,
  -0.34448819 1.292126 -0.30928476,-0.48717987 1.292126 -0.19979358,
  -0.59667105 1.292126 -0.057101904,-0.66550008 1.292126 0.10906608,
  -0.68897638 1.292126 0.28738629,-0.66550008 1.292126 0.46570649,
  -0.59667105 1.292126 0.63187447,-0.48717987 1.292126 0.77456615,
  -0.34448819 1.292126 0.88405733,-0.17832021 1.292126 0.95288636,
  0 1.1937008 -0.40159009,-0.17832021 1.1937008 -0.37811379,
  -0.34448819 1.1937008 -0.30928476,-0.48717987 1.1937008 -0.19979358,
  -0.59667105 1.1937008 -0.057101904,-0.66550008 1.1937008 0.10906608,
  -0.68897638 1.1937008 0.28738629,-0.66550008 1.1937008 0.46570649,
  -0.59667105 1.1937008 0.63187447,-0.48717987 1.1937008 0.77456615,
  -0.34448819 1.1937008 0.88405733,-0.17832021 1.1937008 0.95288636] }
 coordIndex [
  25,1,0,-1,25,0,13,-1,24,13,12,-1,24,25,13,-1,23,12,11,-1,23,24,12,-1,22,11,10,-1,22,23,11,-1,
  21,10,9,-1,21,22,10,-1,20,9,8,-1,20,21,9,-1,19,8,7,-1,19,20,8,-1,18,6,5,-1,18,7,6,-1,
  18,19,7,-1,17,18,5,-1,16,5,4,-1,16,17,5,-1,15,4,3,-1,15,16,4,-1,14,3,2,-1,14,15,3,-1]
  normalPerVertex TRUE
  normal DEF NORM_22 Normal { vector [
  -0.13052619 0 0.99144486,-0.13052619 0 0.99144486,
  -0.13052619 0 -0.99144486,-0.21622209 0 -0.9763442,
  -0.46155098 0 -0.88711369,-0.70710678 0 -0.70710678,
  -0.8660254 0 -0.5,-0.95364993 0 -0.30091828,
  -0.99903848 0 -0.04384197,-0.9763442 0 0.21622209,
  -0.88711369 0 0.46155098,-0.73742784 0 0.67542593,
  -0.5374875 0 0.84327172,-0.30091828 0 0.95364993,
  -0.13052619 0 -0.99144486,-0.30091828 0 -0.95364993,
  -0.5374875 0 -0.84327172,-0.70710678 0 -0.70710678,
  -0.8660254 0 -0.5,-0.9763442 0 -0.21622209,
  -0.99903848 0 0.04384197,-0.95364993 0 0.30091828,
  -0.84327172 0 0.5374875,-0.67542593 0 0.73742784,
  -0.46155098 0 0.88711369,-0.21622209 0 0.9763442] }
}
}
DEF SHAPE_23 Shape {
 appearance USE APP_1
 geometry DEF FACE_23 IndexedFaceSet {
  coord DEF COORD_23 Coordinate { point [
  0 0.64251969 1.0747879,0 0.63375902 1.0738008,
  0 0.62543765 1.070889,0 0.61797284 1.0661985,
  0 0.61173892 1.0599646,0 0.60704847 1.0524998,
  0 0.6041367 1.0441784,0 0.60314961 1.0354178,
  0 0.64251969 -0.50001529,-0.20379452 0.64251969 -0.47318523,
  -0.39370079 0.64251969 -0.39452348,-0.55677699 0.64251969 -0.26939071,
  -0.68190977 0.64251969 -0.1063145,-0.76057152 0.64251969 0.083591761,
  -0.78740157 0.64251969 0.28738629,-0.76057152 0.64251969 0.49118081,
  -0.68190977 0.64251969 0.68108707,-0.55677699 0.64251969 0.84416328,
  -0.39370079 0.64251969 0.96929605,-0.20379452 0.64251969 1.0479578,
  0 0.63232996 -0.49867379,0 0.62283465 -0.4947407,
  0 0.61468084 -0.48848406,0 0.6084242 -0.48033025,
  0 0.60449111 -0.47083494,0 0.60314961 -0.46064521,
  -0.1936048 0.60314961 1.0099292,-0.37401575 0.60314961 0.93520056,
  -0.52893814 0.60314961 0.81632443,-0.64781428 0.60314961 0.66140203,
  -0.72254294 0.60314961 0.48099108,-0.7480315 0.60314961 0.28738629,
  -0.72254294 0.60314961 0.093781488,-0.64781428 0.60314961 -0.086629463,
  -0.52893814 0.60314961 -0.24155186,-0.37401575 0.60314961 -0.36042799,
  -0.1936048 0.60314961 -0.43515666,-0.20353905 0.63375902 1.0470043,
  -0.20278542 0.62543765 1.0441918,-0.20157145 0.61797284 1.0396612,
  -0.19995799 0.61173892 1.0336397,-0.19802595 0.60704847 1.0264292,
  -0.19624209 0.60449111 1.0197717,-0.39320724 0.63375902 0.96844121,
  -0.39175136 0.62543765 0.96591954,-0.38940613 0.61797284 0.96185749,
  -0.38628917 0.61173892 0.95645875,-0.38255677 0.60704847 0.94999404,
  -0.37911061 0.60449111 0.94402513,-0.55607901 0.63375902 0.8434653,
  -0.55402008 0.62543765 0.84140637,-0.55070343 0.61797284 0.83808972,
  -0.54629538 0.61173892 0.83368167,-0.54101697 0.60704847 0.82840325,
  -0.53614337 0.60449111 0.82352965,-0.68105492 0.63375902 0.68059353,
  -0.67853325 0.62543765 0.67913764,-0.6744712 0.61797284 0.67679242,
  -0.66907247 0.61173892 0.67367545,-0.66260776 0.60704847 0.66994305,
  -0.65663884 0.60449111 0.6664969,-0.75961806 0.63375902 0.49092533,
  -0.7568055 0.62543765 0.49017171,-0.75227488 0.61797284 0.48895773,
  -0.74625337 0.61173892 0.48734427,-0.73904292 0.60704847 0.48541224,
  -0.73238546 0.60449111 0.48362838,-0.78641448 0.63375902 0.28738629,
  -0.78350271 0.62543765 0.28738629,-0.77881226 0.61797284 0.28738629,
  -0.77257834 0.61173892 0.28738629,-0.76511353 0.60704847 0.28738629,
  -0.75822122 0.60449111 0.28738629,-0.75961806 0.63375902 0.083847239,
  -0.7568055 0.62543765 0.084600862,-0.75227488 0.61797284 0.085814839,
  -0.74625337 0.61173892 0.087428297,-0.73904292 0.60704847 0.089360331,
  -0.73238546 0.60449111 0.091144192,-0.68105492 0.63375902 -0.10582096,
  -0.67853325 0.62543765 -0.10436507,-0.6744712 0.61797284 -0.10201985,
  -0.66907247 0.61173892 -0.098902884,-0.66260776 0.60704847 -0.095170481,
  -0.65663884 0.60449111 -0.091724326,-0.55607901 0.63375902 -0.26869273,
  -0.55402008 0.62543765 -0.2666338,-0.55070343 0.61797284 -0.26331715,
  -0.54629538 0.61173892 -0.2589091,-0.54101697 0.60704847 -0.25363068,
  -0.53614337 0.60449111 -0.24875708,-0.39320724 0.63375902 -0.39366864,
  -0.39175136 0.62543765 -0.39114697,-0.38940613 0.61797284 -0.38708492,
  -0.38628917 0.61173892 -0.38168618,-0.38255677 0.60704847 -0.37522147,
  -0.37911061 0.60449111 -0.36925255,-0.20353905 0.63375902 -0.47223178,
  -0.20278542 0.62543765 -0.46941922,-0.20157145 0.61797284 -0.46488859,
  -0.19995799 0.61173892 -0.45886708,-0.19802595 0.60704847 -0.45165664,
  -0.19624209 0.60449111 -0.44499918] }
 coordIndex [
  26,7,6,-1,37,1,0,-1,37,0,19,-1,38,2,1,-1,38,1,37,-1,39,3,2,-1,39,2,38,-1,40,4,3,-1,
  40,3,39,-1,41,5,4,-1,41,4,40,-1,42,6,5,-1,42,5,41,-1,42,26,6,-1,43,19,18,-1,43,37,19,-1,
  44,38,37,-1,44,37,43,-1,45,39,38,-1,45,38,44,-1,46,39,45,-1,46,40,39,-1,47,40,46,-1,47,41,40,-1,
  48,27,26,-1,48,41,47,-1,48,26,42,-1,48,42,41,-1,49,18,17,-1,49,43,18,-1,50,44,43,-1,50,43,49,-1,
  51,45,44,-1,51,44,50,-1,52,46,45,-1,52,45,51,-1,53,46,52,-1,53,47,46,-1,54,47,53,-1,54,28,27,-1,
  54,48,47,-1,54,27,48,-1,55,16,15,-1,55,17,16,-1,55,49,17,-1,56,49,55,-1,56,50,49,-1,57,51,50,-1,
  57,50,56,-1,57,52,51,-1,58,53,52,-1,58,52,57,-1,59,53,58,-1,60,54,53,-1,60,28,54,-1,60,29,28,-1,
  60,53,59,-1,61,55,15,-1,62,56,55,-1,62,55,61,-1,63,57,56,-1,63,56,62,-1,64,58,57,-1,64,57,63,-1,
  65,58,64,-1,65,59,58,-1,66,30,29,-1,66,29,60,-1,66,60,59,-1,66,59,65,-1,67,15,14,-1,67,61,15,-1,
  68,62,61,-1,68,63,62,-1,68,61,67,-1,69,63,68,-1,70,64,63,-1,70,63,69,-1,71,64,70,-1,71,65,64,-1,
  72,31,30,-1,72,30,66,-1,72,66,65,-1,72,65,71,-1,73,14,13,-1,73,67,14,-1,73,68,67,-1,74,68,73,-1,
  75,69,68,-1,75,70,69,-1,75,68,74,-1,76,70,75,-1,77,71,70,-1,77,72,71,-1,77,70,76,-1,78,32,31,-1,
  78,72,77,-1,78,31,72,-1,79,13,12,-1,79,73,13,-1,80,74,73,-1,80,73,79,-1,81,75,74,-1,81,74,80,-1,
  82,75,81,-1,82,76,75,-1,83,76,82,-1,83,77,76,-1,84,77,83,-1,84,33,32,-1,84,32,78,-1,84,78,77,-1,
  85,12,11,-1,85,79,12,-1,86,80,79,-1,86,79,85,-1,87,80,86,-1,87,81,80,-1,88,82,81,-1,88,81,87,-1,
  88,83,82,-1,89,83,88,-1,90,84,83,-1,90,33,84,-1,90,83,89,-1,90,34,33,-1,91,11,10,-1,91,86,85,-1,
  91,85,11,-1,92,86,91,-1,93,88,87,-1,93,87,86,-1,93,86,92,-1,94,88,93,-1,95,89,88,-1,95,88,94,-1,
  96,89,95,-1,96,90,89,-1,96,34,90,-1,96,35,34,-1,97,9,8,-1,97,10,9,-1,97,8,20,-1,97,91,10,-1,
  97,92,91,-1,98,97,20,-1,98,20,21,-1,98,92,97,-1,99,98,21,-1,99,21,22,-1,99,93,92,-1,99,92,98,-1,
  100,22,23,-1,100,99,22,-1,100,94,93,-1,100,93,99,-1,100,95,94,-1,101,100,23,-1,101,23,24,-1,101,95,100,-1,
  102,24,25,-1,102,36,35,-1,102,25,36,-1,102,96,95,-1,102,35,96,-1,102,101,24,-1,102,95,101,-1]
  normalPerVertex TRUE
  normal DEF NORM_23 Normal { vector [
  -0.12971932 -0.11101846 0.98531609,-0.12614905 -0.25679683 0.95819716,
  -0.11561605 -0.46412643 0.87819109,-0.099300836 -0.64901776 0.75426474,
  -0.077950832 -0.802089 0.59209535,-0.053532565 -0.91118979 0.40849411,
  -0.024962256 -0.98167291 0.18893168,-0.014738802 -0.99360427 0.11195231,
  -0.12914347 -0.120934 -0.98422403,-0.25719165 -0.11196448 -0.95985229,
  -0.45868664 -0.11185834 -0.88152951,-0.6712139 -0.11185834 -0.73277528,
  -0.83799904 -0.11185834 -0.53408363,-0.94767593 -0.11185834 -0.29899506,
  -0.99277027 -0.11185834 -0.04353047,-0.95985229 -0.11196448 0.25719165,
  -0.86058002 -0.11196448 0.4968561,-0.73277528 -0.11185834 0.6712139,
  -0.53408363 -0.11185834 0.83799904,-0.29899506 -0.11185834 0.94767593,
  -0.12482789 -0.27824147 -0.95236531,-0.11184813 -0.50635886 -0.85503842,
  -0.091944585 -0.70389951 -0.70432356,-0.066267862 -0.85824942 -0.50893663,
  -0.036716195 -0.95847062 -0.28281794,-0.017181563 -0.99129851 -0.13050692,
  -0.034071678 -0.99197461 0.12176001,-0.07026739 -0.9914283 0.11014725,
  -0.096381293 -0.9914283 0.088207535,-0.11592697 -0.9914283 0.060256622,
  -0.12757242 -0.9914283 0.02819932,-0.13052401 -0.9914283 -0.0057797198,
  -0.12458061 -0.9914283 -0.039364881,-0.11014725 -0.9914283 -0.07026739,
  -0.088207535 -0.9914283 -0.096381293,-0.060256622 -0.9914283 -0.11592697,
  -0.033782664 -0.99144486 -0.12607862,-0.2511707 -0.22242997 0.94203938,
  -0.23095169 -0.43371832 0.87094761,-0.19918592 -0.62328033 0.75620539,
  -0.15747062 -0.78161719 0.60355412,-0.11090898 -0.89253786 0.43712168,
  -0.054862589 -0.96958613 0.2385222,-0.48643 -0.22242997 0.8449324,
  -0.44850003 -0.43371832 0.78149609,-0.38811918 -0.62328033 0.67888521,
  -0.30831624 -0.78161719 0.54223211,-0.22026526 -0.89253786 0.39352176,
  -0.10297659 -0.97478946 0.19794273,-0.68853989 -0.22242997 0.69024468,
  -0.63548384 -0.43371832 0.63878691,-0.54660131 -0.60547777 0.57846666,
  -0.46141975 -0.75774906 0.46141975,-0.33210224 -0.88590802 0.32384424,
  -0.1506991 -0.97478946 0.16454569,-0.85608673 -0.20666832 0.47371269,
  -0.77916047 -0.43371832 0.45254545,-0.6603334 -0.63565279 0.39988165,
  -0.51433463 -0.80453704 0.29695124,-0.37841441 -0.90180129 0.20870305,
  -0.18815171 -0.97478946 0.11993514,-0.94280184 -0.24428784 0.22682183,
  -0.8727517 -0.41328494 0.25980769,-0.76833671 -0.61052451 0.19214193,
  -0.60142851 -0.78161719 0.1654035,-0.43401297 -0.89253786 0.12251084,
  -0.2127821 -0.97478946 0.067151201,-0.9793582 -0.20040872 0.026341086,
  -0.90108749 -0.43363734 0,-0.78183148 -0.6234898 0,
  -0.63626888 -0.77140307 -0.009961148,-0.46858837 -0.88328598 0.015192563,
  -0.23861293 -0.97111039 0.0029109649,-0.94286578 -0.23801866 -0.23313354,
  -0.85466333 -0.45386214 -0.2521106,-0.74968525 -0.63565279 -0.1841672,
  -0.58153615 -0.79549611 -0.17029869,-0.42570427 -0.89904506 -0.10243952,
  -0.19614305 -0.97937211 -0.048560969,-0.8449324 -0.22242997 -0.48643,
  -0.78149609 -0.43371832 -0.44850003,-0.67888521 -0.62328033 -0.38811918,
  -0.56449722 -0.76735713 -0.30414786,-0.3987639 -0.88590802 -0.23696907,
  -0.19794273 -0.97478946 -0.10297659,-0.71113679 -0.20040872 -0.67388487,
  -0.63065933 -0.41908118 -0.65317668,-0.57846666 -0.60547777 -0.54660131,
  -0.44115004 -0.78151985 -0.44115004,-0.29953252 -0.90180129 -0.31150393,
  -0.16454569 -0.97478946 -0.1506991,-0.52401972 -0.22222714 -0.8222034,
  -0.41597504 -0.43338123 -0.79946575,-0.39988165 -0.63565279 -0.6603334,
  -0.3117449 -0.78183148 -0.53995801,-0.22685513 -0.88590802 -0.40460319,
  -0.11993514 -0.97478946 -0.18815171,-0.26703067 -0.2074791 -0.94108822,
  -0.20788634 -0.42216337 -0.88236124,-0.2043946 -0.60614934 -0.76863894,
  -0.17035414 -0.78345528 -0.59764312,-0.10059228 -0.90057915 -0.42289289,
  -0.059099205 -0.97809552 -0.19959067] }
}
}
DEF SHAPE_24 Shape {
 appearance USE APP_1
 geometry DEF FACE_24 IndexedFaceSet {
  coord DEF COORD_24 Coordinate { point [
  0 1.1937008 1.0354178,0 1.1923593 1.0456075,
  0 1.1884262 1.0551028,0 1.1821696 1.0632566,
  0 1.1740157 1.0695133,0 1.1645204 1.0734464,
  0 1.1543307 1.0747879,0 1.1937008 -0.46064521,
  -0.1936048 1.1937008 -0.43515666,-0.37401575 1.1937008 -0.36042799,
  -0.52893814 1.1937008 -0.24155186,-0.64781428 1.1937008 -0.086629463,
  -0.72254294 1.1937008 0.093781488,-0.7480315 1.1937008 0.28738629,
  -0.72254294 1.1937008 0.48099108,-0.64781428 1.1937008 0.66140203,
  -0.52893814 1.1937008 0.81632443,-0.37401575 1.1937008 0.93520056,
  -0.1936048 1.1937008 1.0099292,0 1.1927137 -0.46940588,
  0 1.1898019 -0.47772725,0 1.1851115 -0.48519205,
  0 1.1788776 -0.49142598,0 1.1714127 -0.49611643,
  0 1.1630914 -0.4990282,0 1.1543307 -0.50001529,
  -0.20379452 1.1543307 1.0479578,-0.39370079 1.1543307 0.96929605,
  -0.55677699 1.1543307 0.84416328,-0.68190977 1.1543307 0.68108707,
  -0.76057152 1.1543307 0.49118081,-0.78740157 1.1543307 0.28738629,
  -0.76057152 1.1543307 0.083591761,-0.68190977 1.1543307 -0.1063145,
  -0.55677699 1.1543307 -0.26939071,-0.39370079 1.1543307 -0.39452348,
  -0.20379452 1.1543307 -0.47318523,-0.19587222 1.1927137 1.0183914,
  -0.19802595 1.1898019 1.0264292,-0.19995799 1.1851115 1.0336397,
  -0.20157145 1.1788776 1.0396612,-0.20278542 1.1714127 1.0441918,
  -0.20344732 1.1645204 1.046662,-0.37839608 1.1927137 0.94278752,
  -0.38255677 1.1898019 0.94999404,-0.38628917 1.1851115 0.95645875,
  -0.38940613 1.1788776 0.96185749,-0.39175136 1.1714127 0.96591954,
  -0.39303004 1.1645204 0.96813428,-0.53513287 1.1927137 0.82251916,
  -0.54101697 1.1898019 0.82840325,-0.54629538 1.1851115 0.83368167,
  -0.55070343 1.1788776 0.83808972,-0.55402008 1.1714127 0.84140637,
  -0.55582841 1.1645204 0.84321469,-0.65540124 1.1927137 0.66578237,
  -0.66260776 1.1898019 0.66994305,-0.66907247 1.1851115 0.67367545,
  -0.6744712 1.1788776 0.67679242,-0.67853325 1.1714127 0.67913764,
  -0.68074799 1.1645204 0.68041632,-0.7310051 1.1927137 0.48325851,
  -0.73904292 1.1898019 0.48541224,-0.74625337 1.1851115 0.48734427,
  -0.75227488 1.1788776 0.48895773,-0.7568055 1.1714127 0.49017171,
  -0.75927572 1.1645204 0.4908336,-0.75679216 1.1927137 0.28738629,
  -0.76511353 1.1898019 0.28738629,-0.77257834 1.1851115 0.28738629,
  -0.77881226 1.1788776 0.28738629,-0.78350271 1.1714127 0.28738629,
  -0.78606007 1.1645204 0.28738629,-0.7310051 1.1927137 0.09151406,
  -0.73904292 1.1898019 0.089360331,-0.74625337 1.1851115 0.087428297,
  -0.75227488 1.1788776 0.085814839,-0.7568055 1.1714127 0.084600862,
  -0.75927572 1.1645204 0.083938968,-0.65540124 1.1927137 -0.091009796,
  -0.66260776 1.1898019 -0.095170481,-0.66907247 1.1851115 -0.098902884,
  -0.6744712 1.1788776 -0.10201985,-0.67853325 1.1714127 -0.10436507,
  -0.68074799 1.1645204 -0.10564375,-0.53513287 1.1927137 -0.24774659,
  -0.54101697 1.1898019 -0.25363068,-0.54629538 1.1851115 -0.2589091,
  -0.55070343 1.1788776 -0.26331715,-0.55402008 1.1714127 -0.2666338,
  -0.55582841 1.1645204 -0.26844212,-0.37839608 1.1927137 -0.36801495,
  -0.38255677 1.1898019 -0.37522147,-0.38628917 1.1851115 -0.38168618,
  -0.38940613 1.1788776 -0.38708492,-0.39175136 1.1714127 -0.39114697,
  -0.39303004 1.1645204 -0.39336171,-0.19587222 1.1927137 -0.44361881,
  -0.19802595 1.1898019 -0.45165664,-0.19995799 1.1851115 -0.45886708,
  -0.20157145 1.1788776 -0.46488859,-0.20278542 1.1714127 -0.46941922,
  -0.20344732 1.1645204 -0.47188944] }
 coordIndex [
  19,8,7,-1,25,36,24,-1,37,1,0,-1,37,0,18,-1,38,2,1,-1,38,1,37,-1,39,3,2,-1,39,2,38,-1,
  40,4,3,-1,40,3,39,-1,41,5,4,-1,41,4,40,-1,42,6,5,-1,42,26,6,-1,42,5,41,-1,43,18,17,-1,
  43,37,18,-1,44,38,37,-1,44,37,43,-1,45,39,38,-1,45,38,44,-1,46,39,45,-1,46,40,39,-1,47,41,40,-1,
  47,40,46,-1,48,27,26,-1,48,26,42,-1,48,42,41,-1,48,41,47,-1,49,17,16,-1,49,43,17,-1,50,43,49,-1,
  50,44,43,-1,51,45,44,-1,51,44,50,-1,52,46,45,-1,52,45,51,-1,53,46,52,-1,53,47,46,-1,54,47,53,-1,
  54,28,27,-1,54,27,48,-1,54,48,47,-1,55,16,15,-1,55,49,16,-1,56,49,55,-1,56,50,49,-1,57,50,56,-1,
  57,52,51,-1,57,51,50,-1,58,53,52,-1,58,52,57,-1,59,53,58,-1,60,54,53,-1,60,28,54,-1,60,29,28,-1,
  60,53,59,-1,61,14,13,-1,61,15,14,-1,61,55,15,-1,62,55,61,-1,62,56,55,-1,63,56,62,-1,63,57,56,-1,
  64,58,57,-1,64,57,63,-1,65,59,58,-1,65,60,59,-1,65,58,64,-1,66,30,29,-1,66,31,30,-1,66,29,60,-1,
  66,60,65,-1,67,61,13,-1,68,61,67,-1,68,63,62,-1,68,62,61,-1,69,63,68,-1,70,64,63,-1,70,63,69,-1,
  71,64,70,-1,71,65,64,-1,72,31,66,-1,72,66,65,-1,72,65,71,-1,73,13,12,-1,73,67,13,-1,74,68,67,-1,
  74,67,73,-1,75,68,74,-1,75,69,68,-1,75,70,69,-1,76,70,75,-1,77,71,70,-1,77,72,71,-1,77,70,76,-1,
  78,32,31,-1,78,31,72,-1,78,72,77,-1,79,12,11,-1,79,73,12,-1,80,74,73,-1,80,73,79,-1,81,74,80,-1,
  81,75,74,-1,82,75,81,-1,82,76,75,-1,83,76,82,-1,83,77,76,-1,84,77,83,-1,84,33,32,-1,84,32,78,-1,
  84,78,77,-1,85,11,10,-1,85,79,11,-1,86,80,79,-1,86,79,85,-1,86,81,80,-1,87,81,86,-1,88,82,81,-1,
  88,83,82,-1,88,81,87,-1,89,83,88,-1,90,84,83,-1,90,83,89,-1,90,34,33,-1,90,33,84,-1,91,10,9,-1,
  91,86,85,-1,91,85,10,-1,92,86,91,-1,93,87,86,-1,93,86,92,-1,94,88,87,-1,94,87,93,-1,95,88,94,-1,
  95,89,88,-1,96,90,89,-1,96,34,90,-1,96,35,34,-1,96,89,95,-1,97,9,8,-1,97,91,9,-1,97,8,19,-1,
  98,97,19,-1,98,19,20,-1,98,92,91,-1,98,91,97,-1,99,92,98,-1,99,20,21,-1,99,93,92,-1,99,94,93,-1,
  99,98,20,-1,100,99,21,-1,100,21,22,-1,100,95,94,-1,100,94,99,-1,101,22,23,-1,101,100,22,-1,101,95,100,-1,
  102,101,23,-1,102,24,36,-1,102,23,24,-1,102,36,35,-1,102,35,96,-1,102,96,95,-1,102,95,101,-1]
  normalPerVertex TRUE
  normal DEF NORM_24 Normal { vector [
  -0.015606165 0.99240742 0.12199988,-0.036386327 0.95908943 0.28075522,
  -0.066267862 0.85824942 0.50893663,-0.091944585 0.70389951 0.70432356,
  -0.11184813 0.50635886 0.85503842,-0.12480297 0.28033549 0.95175429,
  -0.12942831 0.12942831 0.9831056,-0.014738802 0.99360427 -0.11195231,
  -0.024195285 0.99370003 -0.10942963,-0.051693322 0.99370003 -0.099438702,
  -0.075668545 0.99370003 -0.082671194,-0.094487081 0.99370003 -0.060269781,
  -0.10686648 0.99370003 -0.033761082,-0.11196448 0.99371221 0,
  -0.10814938 0.99371221 0.028978539,-0.099438702 0.99370003 0.051693322,
  -0.082671194 0.99370003 0.075668545,-0.060269781 0.99370003 0.094487081,
  -0.033761082 0.99370003 0.10686648,-0.029364381 0.97436586 -0.22304462,
  -0.061445361 0.88226601 -0.46672385,-0.085594041 0.75496819 -0.65015129,
  -0.1053603 0.59028269 -0.80029091,-0.11905938 0.40583702 -0.90615737,
  -0.12830425 0.18710557 -0.9739248,-0.12971932 0.11101846 -0.98531609,
  -0.29830169 0.1304031 0.94552162,-0.53285631 0.1304031 0.83609759,
  -0.73109765 0.1304031 0.6696949,-0.8795159 0.1304031 0.4576536,
  -0.9576622 0.13052619 0.25660481,-0.99144486 0.13052619 0,
  -0.94552162 0.1304031 -0.29830169,-0.83609759 0.1304031 -0.53285631,
  -0.6696949 0.1304031 -0.73109765,-0.4576536 0.1304031 -0.8795159,
  -0.21900505 0.1248622 -0.96770151,-0.061568435 0.97471641 0.21479584,
  -0.11609431 0.89749517 0.42546977,-0.16452746 0.77241663 0.61343562,
  -0.2043946 0.60614934 0.76863894,-0.22797141 0.42178278 0.87756955,
  -0.22474466 0.20169707 0.95331429,-0.11573509 0.97482165 0.19059942,
  -0.22114079 0.90079092 0.3737278,-0.31542867 0.78161719 0.53812575,
  -0.39387225 0.62328033 0.67556367,-0.44518946 0.45051358 0.77385002,
  -0.45001706 0.22222942 0.86492701,-0.16112227 0.97482165 0.15415046,
  -0.31033347 0.90079092 0.30375788,-0.41847573 0.79549611 0.43825106,
  -0.53599489 0.65224149 0.53599489,-0.63785518 0.46325566 0.61525196,
  -0.65854269 0.22222942 0.71898235,-0.19552924 0.97482165 0.1071964,
  -0.37837744 0.90079092 0.21308737,-0.54604444 0.77140307 0.32676105,
  -0.69695141 0.59358653 0.40238509,-0.77309933 0.45065498 0.4463491,
  -0.82970093 0.23794028 0.50495622,-0.20188299 0.97825513 0.047541229,
  -0.39730001 0.91039964 0.11543479,-0.59377336 0.79143853 0.14511463,
  -0.75620539 0.62328033 0.19918592,-0.8640287 0.43714498 0.24971719,
  -0.94857927 0.18866491 0.25417105,-0.24461064 0.96958122 -0.0088256288,
  -0.44873803 0.89364202 0.006174458,-0.6234898 0.78183148 0,
  -0.77180632 0.63565279 -0.016140969,-0.88325238 0.46828951 0.023878357,
  -0.96562275 0.2599475 0,-0.21405935 0.97482165 -0.062460748,
  -0.41822878 0.90079092 -0.11687773,-0.61716668 0.77140307 -0.15505677,
  -0.76260395 0.60547777 -0.22766617,-0.8731294 0.43714498 -0.21575292,
  -0.95331429 0.20169707 -0.22474466,-0.19059942 0.97482165 -0.11573509,
  -0.36255826 0.91039964 -0.19930881,-0.52247271 0.79143853 -0.31724963,
  -0.67401861 0.64072348 -0.3676579,-0.75937682 0.46325566 -0.45688186,
  -0.86492701 0.22222942 -0.45001706,-0.14399723 0.97964744 -0.13984163,
  -0.30717244 0.90071648 -0.30717244,-0.4398869 0.76735713 -0.46654318,
  -0.56932815 0.61052451 -0.55056815,-0.62129624 0.43178065 -0.65387801,
  -0.71898235 0.22222942 -0.65854269,-0.12115235 0.97109536 -0.20565971,
  -0.21479164 0.89079575 -0.40043411,-0.31500853 0.79549611 -0.51764424,
  -0.37900562 0.65224149 -0.65645699,-0.42919869 0.46325566 -0.77535971,
  -0.52404023 0.22222942 -0.82218971,-0.054784444 0.97964744 -0.19310502,
  -0.10353118 0.91650913 -0.38638364,-0.17121372 0.79143853 -0.58678013,
  -0.20560263 0.62328033 -0.75448604,-0.20553781 0.46828951 -0.85933646,
  -0.26956924 0.23802081 -0.93310156] }
}
}
DEF SHAPE_25 Shape {
 appearance USE APP_1
 geometry DEF FACE_25 IndexedFaceSet {
  coord DEF COORD_25 Coordinate { point [
  0 0.60314961 -0.3031649,0.15284589 0.60314961 -0.28304235,
  0.29527559 0.60314961 -0.22404604,0.41758274 0.60314961 -0.13019646,
  0.51143233 0.60314961 -0.0078893054,0.57042864 0.60314961 0.13454039,
  0.59055118 0.60314961 0.28738629,0.57042864 0.60314961 0.44023218,
  0.51143233 0.60314961 0.58266188,0.41758274 0.60314961 0.70496903,
  0.29527559 0.60314961 0.79881861,0.15284589 0.60314961 0.85781492,
  0 0.60314961 0.87793747,0 0.60708661 -0.3031649,
  0.15284589 0.60708661 -0.28304235,0.29527559 0.60708661 -0.22404604,
  0.41758274 0.60708661 -0.13019646,0.51143233 0.60708661 -0.0078893054,
  0.57042864 0.60708661 0.13454039,0.59055118 0.60708661 0.28738629,
  0.57042864 0.60708661 0.44023218,0.51143233 0.60708661 0.58266188,
  0.41758274 0.60708661 0.70496903,0.29527559 0.60708661 0.79881861,
  0.15284589 0.60708661 0.85781492,0 0.60708661 0.87793747] }
 coordIndex [
  1,13,0,-1,1,14,13,-1,2,15,14,-1,2,14,1,-1,3,16,15,-1,3,15,2,-1,4,17,16,-1,4,16,3,-1,
  5,18,17,-1,5,17,4,-1,6,19,18,-1,6,18,5,-1,7,20,19,-1,7,19,6,-1,8,21,20,-1,8,20,7,-1,
  9,22,21,-1,9,21,8,-1,10,23,22,-1,10,22,9,-1,11,24,23,-1,11,23,10,-1,12,25,24,-1,12,24,11,-1]
  normalPerVertex TRUE
  normal DEF NORM_25 Normal { vector [
  -0.13052619 0 0.99144486,-0.21622209 0 0.9763442,
  -0.46155098 0 0.88711369,-0.67542593 0 0.73742784,
  -0.84327172 0 0.5374875,-0.95364993 0 0.30091828,
  -0.99903848 0 0.04384197,-0.9763442 0 -0.21622209,
  -0.88711369 0 -0.46155098,-0.73742784 0 -0.67542593,
  -0.5374875 0 -0.84327172,-0.30091828 0 -0.95364993,
  -0.13052619 0 -0.99144486,-0.13052619 0 0.99144486,
  -0.30091828 0 0.95364993,-0.5374875 0 0.84327172,
  -0.73742784 0 0.67542593,-0.88711369 0 0.46155098,
  -0.9763442 0 0.21622209,-0.99903848 0 -0.04384197,
  -0.95364993 0 -0.30091828,-0.84327172 0 -0.5374875,
  -0.67542593 0 -0.73742784,-0.46155098 0 -0.88711369,
  -0.21622209 0 -0.9763442,-0.13052619 0 -0.99144486] }
}
}
DEF SHAPE_26 Shape {
 appearance USE APP_1
 geometry DEF FACE_26 IndexedFaceSet {
  coord DEF COORD_26 Coordinate { point [
  0.27559055 0.58740157 -0.047259384,0.27559055 0.60708661 -0.047259384,
  0.27559055 0.58740157 0.26770125,0.23483165 0.58740157 0.26233523,
  0.19685039 0.58740157 0.24660288,0.16423515 0.58740157 0.22157633,
  0.1392086 0.58740157 0.18896109,0.12347625 0.58740157 0.15097984,
  0.11811024 0.58740157 0.11022093,0.12347625 0.58740157 0.069462026,
  0.1392086 0.58740157 0.031480773,0.16423515 0.58740157 -0.0011344678,
  0.19685039 0.58740157 -0.026161023,0.23483165 0.58740157 -0.041893373,
  0.27559055 0.60708661 0.26770125,0.23483165 0.60708661 0.26233523,
  0.19685039 0.60708661 0.24660288,0.16423515 0.60708661 0.22157633,
  0.1392086 0.60708661 0.18896109,0.12347625 0.60708661 0.15097984,
  0.11811024 0.60708661 0.11022093,0.12347625 0.60708661 0.069462026,
  0.1392086 0.60708661 0.031480773,0.16423515 0.60708661 -0.0011344678,
  0.19685039 0.60708661 -0.026161023,0.23483165 0.60708661 -0.041893373] }
 coordIndex [
  25,1,0,-1,25,0,13,-1,24,13,12,-1,24,25,13,-1,23,12,11,-1,23,24,12,-1,22,11,10,-1,22,23,11,-1,
  21,10,9,-1,21,22,10,-1,20,9,8,-1,20,21,9,-1,19,8,7,-1,19,20,8,-1,18,7,6,-1,18,19,7,-1,
  17,6,5,-1,17,18,6,-1,16,5,4,-1,16,17,5,-1,15,4,3,-1,15,16,4,-1,14,3,2,-1,14,15,3,-1]
  normalPerVertex TRUE
  normal DEF NORM_26 Normal { vector [
  -0.13052619 0 -0.99144486,-0.13052619 0 -0.99144486,
  -0.13052619 0 0.99144486,-0.21622209 0 0.9763442,
  -0.46155098 0 0.88711369,-0.67542593 0 0.73742784,
  -0.84327172 0 0.5374875,-0.95364993 0 0.30091828,
  -0.99903848 0 0.04384197,-0.9763442 0 -0.21622209,
  -0.88711369 0 -0.46155098,-0.73742784 0 -0.67542593,
  -0.5374875 0 -0.84327172,-0.30091828 0 -0.95364993,
  -0.13052619 0 0.99144486,-0.30091828 0 0.95364993,
  -0.5374875 0 0.84327172,-0.73742784 0 0.67542593,
  -0.88711369 0 0.46155098,-0.9763442 0 0.21622209,
  -0.99903848 0 -0.04384197,-0.95364993 0 -0.30091828,
  -0.84327172 0 -0.5374875,-0.67542593 0 -0.73742784,
  -0.46155098 0 -0.88711369,-0.21622209 0 -0.9763442] }
}
}
DEF SHAPE_27 Shape {
 appearance USE APP_1
 geometry DEF FACE_27 IndexedFaceSet {
  coord DEF COORD_27 Coordinate { point [
  0.27559055 -0.1015748 0.031480773,0.27559055 0.58740157 0.031480773,
  0.27559055 -0.1015748 0.18896109,0.2552111 -0.1015748 0.18627808,
  0.23622047 -0.1015748 0.17841191,0.21991285 -0.1015748 0.16589863,
  0.20739957 -0.1015748 0.14959101,0.1995334 -0.1015748 0.13060038,
  0.19685039 -0.1015748 0.11022093,0.1995334 -0.1015748 0.089841478,
  0.20739957 -0.1015748 0.070850852,0.21991285 -0.1015748 0.054543232,
  0.23622047 -0.1015748 0.042029954,0.2552111 -0.1015748 0.034163779,
  0.27559055 0.58740157 0.18896109,0.2552111 0.58740157 0.18627808,
  0.23622047 0.58740157 0.17841191,0.21991285 0.58740157 0.16589863,
  0.20739957 0.58740157 0.14959101,0.1995334 0.58740157 0.13060038,
  0.19685039 0.58740157 0.11022093,0.1995334 0.58740157 0.089841478,
  0.20739957 0.58740157 0.070850852,0.21991285 0.58740157 0.054543232,
  0.23622047 0.58740157 0.042029954,0.2552111 0.58740157 0.034163779] }
 coordIndex [
  25,1,0,-1,25,0,13,-1,24,13,12,-1,24,25,13,-1,23,12,11,-1,23,24,12,-1,22,10,9,-1,22,11,10,-1,
  22,23,11,-1,21,22,9,-1,20,9,8,-1,20,21,9,-1,19,8,7,-1,19,20,8,-1,18,7,6,-1,18,19,7,-1,
  17,6,5,-1,17,18,6,-1,16,4,3,-1,16,5,4,-1,16,17,5,-1,15,16,3,-1,14,3,2,-1,14,15,3,-1]
  normalPerVertex TRUE
  normal DEF NORM_27 Normal { vector [
  -0.13052619 0 -0.99144486,-0.13052619 0 -0.99144486,
  -0.13052619 0 0.99144486,-0.25881905 0 0.96592583,
  -0.5 0 0.8660254,-0.67542593 0 0.73742784,
  -0.84327172 0 0.5374875,-0.95364993 0 0.30091828,
  -0.99903848 0 0.04384197,-0.96592583 0 -0.25881905,
  -0.8660254 0 -0.5,-0.73742784 0 -0.67542593,
  -0.5374875 0 -0.84327172,-0.30091828 0 -0.95364993,
  -0.13052619 0 0.99144486,-0.25881905 0 0.96592583,
  -0.5 0 0.8660254,-0.73742784 0 0.67542593,
  -0.88711369 0 0.46155098,-0.9763442 0 0.21622209,
  -0.99903848 0 -0.04384197,-0.96592583 0 -0.25881905,
  -0.8660254 0 -0.5,-0.67542593 0 -0.73742784,
  -0.46155098 0 -0.88711369,-0.21622209 0 -0.9763442] }
}
}
DEF SHAPE_28 Shape {
 appearance USE APP_1
 geometry DEF FACE_28 IndexedFaceSet {
  coord DEF COORD_28 Coordinate { point [
  -0.27559055 0.58740157 -0.047259384,-0.27559055 0.60708661 -0.047259384,
  -0.27559055 0.58740157 0.26770125,-0.31634946 0.58740157 0.26233523,
  -0.35433071 0.58740157 0.24660288,-0.38694595 0.58740157 0.22157633,
  -0.4119725 0.58740157 0.18896109,-0.42770485 0.58740157 0.15097984,
  -0.43307087 0.58740157 0.11022093,-0.42770485 0.58740157 0.069462026,
  -0.4119725 0.58740157 0.031480773,-0.38694595 0.58740157 -0.0011344678,
  -0.35433071 0.58740157 -0.026161023,-0.31634946 0.58740157 -0.041893373,
  -0.27559055 0.60708661 0.26770125,-0.31634946 0.60708661 0.26233523,
  -0.35433071 0.60708661 0.24660288,-0.38694595 0.60708661 0.22157633,
  -0.4119725 0.60708661 0.18896109,-0.42770485 0.60708661 0.15097984,
  -0.43307087 0.60708661 0.11022093,-0.42770485 0.60708661 0.069462026,
  -0.4119725 0.60708661 0.031480773,-0.38694595 0.60708661 -0.0011344678,
  -0.35433071 0.60708661 -0.026161023,-0.31634946 0.60708661 -0.041893373] }
 coordIndex [
  25,1,0,-1,25,0,13,-1,24,13,12,-1,24,25,13,-1,23,12,11,-1,23,24,12,-1,22,11,10,-1,22,23,11,-1,
  21,10,9,-1,21,22,10,-1,20,9,8,-1,20,21,9,-1,19,8,7,-1,19,20,8,-1,18,7,6,-1,18,19,7,-1,
  17,6,5,-1,17,18,6,-1,16,5,4,-1,16,17,5,-1,15,4,3,-1,15,16,4,-1,14,3,2,-1,14,15,3,-1]
  normalPerVertex TRUE
  normal DEF NORM_28 Normal { vector [
  -0.13052619 0 -0.99144486,-0.13052619 0 -0.99144486,
  -0.13052619 0 0.99144486,-0.21622209 0 0.9763442,
  -0.46155098 0 0.88711369,-0.67542593 0 0.73742784,
  -0.84327172 0 0.5374875,-0.95364993 0 0.30091828,
  -0.99903848 0 0.04384197,-0.9763442 0 -0.21622209,
  -0.88711369 0 -0.46155098,-0.73742784 0 -0.67542593,
  -0.5374875 0 -0.84327172,-0.30091828 0 -0.95364993,
  -0.13052619 0 0.99144486,-0.30091828 0 0.95364993,
  -0.5374875 0 0.84327172,-0.73742784 0 0.67542593,
  -0.88711369 0 0.46155098,-0.9763442 0 0.21622209,
  -0.99903848 0 -0.04384197,-0.95364993 0 -0.30091828,
  -0.84327172 0 -0.5374875,-0.67542593 0 -0.73742784,
  -0.46155098 0 -0.88711369,-0.21622209 0 -0.9763442] }
}
}
DEF SHAPE_29 Shape {
 appearance USE APP_1
 geometry DEF FACE_29 IndexedFaceSet {
  coord DEF COORD_29 Coordinate { point [
  -0.27559055 -0.1015748 0.031480773,-0.27559055 0.58740157 0.031480773,
  -0.27559055 -0.1015748 0.18896109,-0.29597 -0.1015748 0.18627808,
  -0.31496063 -0.1015748 0.17841191,-0.33126825 -0.1015748 0.16589863,
  -0.34378153 -0.1015748 0.14959101,-0.3516477 -0.1015748 0.13060038,
  -0.35433071 -0.1015748 0.11022093,-0.3516477 -0.1015748 0.089841478,
  -0.34378153 -0.1015748 0.070850852,-0.33126825 -0.1015748 0.054543232,
  -0.31496063 -0.1015748 0.042029954,-0.29597 -0.1015748 0.034163779,
  -0.27559055 0.58740157 0.18896109,-0.29597 0.58740157 0.18627808,
  -0.31496063 0.58740157 0.17841191,-0.33126825 0.58740157 0.16589863,
  -0.34378153 0.58740157 0.14959101,-0.3516477 0.58740157 0.13060038,
  -0.35433071 0.58740157 0.11022093,-0.3516477 0.58740157 0.089841478,
  -0.34378153 0.58740157 0.070850852,-0.33126825 0.58740157 0.054543232,
  -0.31496063 0.58740157 0.042029954,-0.29597 0.58740157 0.034163779] }
 coordIndex [
  1,0,13,-1,25,13,12,-1,25,1,13,-1,24,12,11,-1,24,25,12,-1,23,24,11,-1,22,10,9,-1,22,11,10,-1,
  22,23,11,-1,21,22,9,-1,20,9,8,-1,20,21,9,-1,19,8,7,-1,19,20,8,-1,18,7,6,-1,18,19,7,-1,
  17,6,5,-1,17,18,6,-1,16,4,3,-1,16,5,4,-1,16,17,5,-1,15,16,3,-1,14,3,2,-1,14,15,3,-1]
  normalPerVertex TRUE
  normal DEF NORM_29 Normal { vector [
  -0.13052619 0 -0.99144486,-0.13052619 0 -0.99144486,
  -0.13052619 0 0.99144486,-0.25881905 0 0.96592583,
  -0.5 0 0.8660254,-0.67542593 0 0.73742784,
  -0.84327172 0 0.5374875,-0.95364993 0 0.30091828,
  -0.99903848 0 0.04384197,-0.96592583 0 -0.25881905,
  -0.8660254 0 -0.5,-0.70710678 0 -0.70710678,
  -0.46155098 0 -0.88711369,-0.21622209 0 -0.9763442,
  -0.13052619 0 0.99144486,-0.25881905 0 0.96592583,
  -0.5 0 0.8660254,-0.73742784 0 0.67542593,
  -0.88711369 0 0.46155098,-0.9763442 0 0.21622209,
  -0.99903848 0 -0.04384197,-0.96592583 0 -0.25881905,
  -0.8660254 0 -0.5,-0.70710678 0 -0.70710678,
  -0.5374875 0 -0.84327172,-0.30091828 0 -0.95364993] }
}
}
DEF SHAPE_30 Shape {
 appearance USE APP_2
 geometry DEF FACE_30 IndexedFaceSet {
  coord DEF COORD_30 Coordinate { point [
  -0.3503937 0.60708661 0.40155951,-0.34020397 0.60708661 0.40290102,
  -0.33070866 0.60708661 0.4068341,-0.32255485 0.60708661 0.41309074,
  -0.31629821 0.60708661 0.42124455,-0.31236512 0.60708661 0.43073987,
  -0.31102362 0.60708661 0.44092959,-0.31236512 0.60708661 0.45111932,
  -0.31629821 0.60708661 0.46061463,-0.32255485 0.60708661 0.46876844,
  -0.33070866 0.60708661 0.47502508,-0.34020397 0.60708661 0.47895817,
  -0.3503937 0.60708661 0.48029967,-0.3503937 0.61889764 0.40155951,
  -0.34020397 0.61889764 0.40290102,-0.33070866 0.61889764 0.4068341,
  -0.32255485 0.61889764 0.41309074,-0.31629821 0.61889764 0.42124455,
  -0.31236512 0.61889764 0.43073987,-0.31102362 0.61889764 0.44092959,
  -0.31236512 0.61889764 0.45111932,-0.31629821 0.61889764 0.46061463,
  -0.32255485 0.61889764 0.46876844,-0.33070866 0.61889764 0.47502508,
  -0.34020397 0.61889764 0.47895817,-0.3503937 0.61889764 0.48029967] }
 coordIndex [
  1,13,0,-1,1,14,13,-1,2,15,14,-1,2,14,1,-1,3,16,15,-1,3,15,2,-1,4,17,16,-1,4,16,3,-1,
  5,18,17,-1,5,17,4,-1,6,19,18,-1,6,18,5,-1,7,20,19,-1,7,19,6,-1,8,21,20,-1,8,20,7,-1,
  9,22,21,-1,9,21,8,-1,10,23,22,-1,10,22,9,-1,11,24,23,-1,11,23,10,-1,12,25,24,-1,12,24,11,-1]
  normalPerVertex TRUE
  normal DEF NORM_30 Normal { vector [
  -0.13052619 0 0.99144486,-0.21622209 0 0.9763442,
  -0.46155098 0 0.88711369,-0.67542593 0 0.73742784,
  -0.84327172 0 0.5374875,-0.95364993 0 0.30091828,
  -0.99903848 0 0.04384197,-0.9763442 0 -0.21622209,
  -0.88711369 0 -0.46155098,-0.73742784 0 -0.67542593,
  -0.5374875 0 -0.84327172,-0.30091828 0 -0.95364993,
  -0.13052619 0 -0.99144486,-0.13052619 0 0.99144486,
  -0.30091828 0 0.95364993,-0.5374875 0 0.84327172,
  -0.73742784 0 0.67542593,-0.88711369 0 0.46155098,
  -0.9763442 0 0.21622209,-0.99903848 0 -0.04384197,
  -0.95364993 0 -0.30091828,-0.84327172 0 -0.5374875,
  -0.67542593 0 -0.73742784,-0.46155098 0 -0.88711369,
  -0.21622209 0 -0.9763442,-0.13052619 0 -0.99144486] }
}
}
DEF SHAPE_31 Shape {
 appearance USE APP_2
 geometry DEF FACE_31 IndexedFaceSet {
  coord DEF COORD_31 Coordinate { point [
  -0.16929134 0.60708661 0.4448666,-0.15910161 0.60708661 0.4462081,
  -0.1496063 0.60708661 0.45014119,-0.14145249 0.60708661 0.45639783,
  -0.13519585 0.60708661 0.46455164,-0.13126276 0.60708661 0.47404695,
  -0.12992126 0.60708661 0.48423668,-0.13126276 0.60708661 0.49442641,
  -0.13519585 0.60708661 0.50392172,-0.14145249 0.60708661 0.51207553,
  -0.1496063 0.60708661 0.51833217,-0.15910161 0.60708661 0.52226525,
  -0.16929134 0.60708661 0.52360676,-0.16929134 0.61889764 0.4448666,
  -0.15910161 0.61889764 0.4462081,-0.1496063 0.61889764 0.45014119,
  -0.14145249 0.61889764 0.45639783,-0.13519585 0.61889764 0.46455164,
  -0.13126276 0.61889764 0.47404695,-0.12992126 0.61889764 0.48423668,
  -0.13126276 0.61889764 0.49442641,-0.13519585 0.61889764 0.50392172,
  -0.14145249 0.61889764 0.51207553,-0.1496063 0.61889764 0.51833217,
  -0.15910161 0.61889764 0.52226525,-0.16929134 0.61889764 0.52360676] }
 coordIndex [
  1,13,0,-1,1,14,13,-1,2,15,14,-1,2,14,1,-1,3,16,15,-1,3,15,2,-1,4,17,16,-1,4,16,3,-1,
  5,18,17,-1,5,17,4,-1,6,19,18,-1,6,18,5,-1,7,20,19,-1,7,19,6,-1,8,21,20,-1,8,20,7,-1,
  9,22,21,-1,9,21,8,-1,10,23,22,-1,10,22,9,-1,11,24,23,-1,11,23,10,-1,12,25,24,-1,12,24,11,-1]
  normalPerVertex TRUE
  normal DEF NORM_31 Normal { vector [
  -0.13052619 0 0.99144486,-0.21622209 0 0.9763442,
  -0.46155098 0 0.88711369,-0.67542593 0 0.73742784,
  -0.84327172 0 0.5374875,-0.95364993 0 0.30091828,
  -0.99903848 0 0.04384197,-0.9763442 0 -0.21622209,
  -0.88711369 0 -0.46155098,-0.73742784 0 -0.67542593,
  -0.5374875 0 -0.84327172,-0.30091828 0 -0.95364993,
  -0.13052619 0 -0.99144486,-0.13052619 0 0.99144486,
  -0.30091828 0 0.95364993,-0.5374875 0 0.84327172,
  -0.73742784 0 0.67542593,-0.88711369 0 0.46155098,
  -0.9763442 0 0.21622209,-0.99903848 0 -0.04384197,
  -0.95364993 0 -0.30091828,-0.84327172 0 -0.5374875,
  -0.67542593 0 -0.73742784,-0.46155098 0 -0.88711369,
  -0.21622209 0 -0.9763442,-0.13052619 0 -0.99144486] }
}
}
DEF SHAPE_32 Shape {
 appearance USE APP_2
 geometry DEF FACE_32 IndexedFaceSet {
  coord DEF COORD_32 Coordinate { point [
  0 0.60708661 -0.3031649,0.15284589 0.60708661 -0.28304235,
  0.29527559 0.60708661 -0.22404604,0.41758274 0.60708661 -0.13019646,
  0.51143233 0.60708661 -0.0078893054,0.57042864 0.60708661 0.13454039,
  0.59055118 0.60708661 0.28738629,0.57042864 0.60708661 0.44023218,
  0.51143233 0.60708661 0.58266188,0.41758274 0.60708661 0.70496903,
  0.29527559 0.60708661 0.79881861,0.15284589 0.60708661 0.85781492,
  0 0.60708661 0.87793747,-0.15284589 0.60708661 0.85781492,
  -0.29527559 0.60708661 0.79881861,-0.41758274 0.60708661 0.70496903,
  -0.51143233 0.60708661 0.58266188,-0.57042864 0.60708661 0.44023218,
  -0.59055118 0.60708661 0.28738629,-0.57042864 0.60708661 0.13454039,
  -0.51143233 0.60708661 -0.0078893054,-0.41758274 0.60708661 -0.13019646,
  -0.29527559 0.60708661 -0.22404604,-0.15284589 0.60708661 -0.28304235,
  -0.16929134 0.60708661 0.4448666,-0.15910161 0.60708661 0.4462081,
  -0.1496063 0.60708661 0.45014119,-0.14145249 0.60708661 0.45639783,
  -0.13519585 0.60708661 0.46455164,-0.13126276 0.60708661 0.47404695,
  -0.12992126 0.60708661 0.48423668,-0.13126276 0.60708661 0.49442641,
  -0.13519585 0.60708661 0.50392172,-0.14145249 0.60708661 0.51207553,
  -0.1496063 0.60708661 0.51833217,-0.15910161 0.60708661 0.52226525,
  -0.16929134 0.60708661 0.52360676,-0.17948106 0.60708661 0.52226525,
  -0.18897638 0.60708661 0.51833217,-0.19713019 0.60708661 0.51207553,
  -0.20338683 0.60708661 0.50392172,-0.20731991 0.60708661 0.49442641,
  -0.20866142 0.60708661 0.48423668,-0.20731991 0.60708661 0.47404695,
  -0.20338683 0.60708661 0.46455164,-0.19713019 0.60708661 0.45639783,
  -0.18897638 0.60708661 0.45014119,-0.17948106 0.60708661 0.4462081,
  -0.27559055 0.60708661 0.26770125,-0.31634946 0.60708661 0.26233523,
  -0.35433071 0.60708661 0.24660288,-0.38694595 0.60708661 0.22157633,
  -0.4119725 0.60708661 0.18896109,-0.42770485 0.60708661 0.15097984,
  -0.43307087 0.60708661 0.11022093,-0.42770485 0.60708661 0.069462026,
  -0.4119725 0.60708661 0.031480773,-0.38694595 0.60708661 -0.0011344678,
  -0.35433071 0.60708661 -0.026161023,-0.31634946 0.60708661 -0.041893373,
  -0.27559055 0.60708661 -0.047259384,-0.23483165 0.60708661 -0.041893373,
  -0.19685039 0.60708661 -0.026161023,-0.16423515 0.60708661 -0.0011344678,
  -0.1392086 0.60708661 0.031480773,-0.12347625 0.60708661 0.069462026,
  -0.11811024 0.60708661 0.11022093,-0.12347625 0.60708661 0.15097984,
  -0.1392086 0.60708661 0.18896109,-0.16423515 0.60708661 0.22157633,
  -0.19685039 0.60708661 0.24660288,-0.23483165 0.60708661 0.26233523,
  0.27559055 0.60708661 0.26770125,0.23483165 0.60708661 0.26233523,
  0.19685039 0.60708661 0.24660288,0.16423515 0.60708661 0.22157633,
  0.1392086 0.60708661 0.18896109,0.12347625 0.60708661 0.15097984,
  0.11811024 0.60708661 0.11022093,0.12347625 0.60708661 0.069462026,
  0.1392086 0.60708661 0.031480773,0.16423515 0.60708661 -0.0011344678,
  0.19685039 0.60708661 -0.026161023,0.23483165 0.60708661 -0.041893373,
  0.27559055 0.60708661 -0.047259384,0.31634946 0.60708661 -0.041893373,
  0.35433071 0.60708661 -0.026161023,0.38694595 0.60708661 -0.0011344678,
  0.4119725 0.60708661 0.031480773,0.42770485 0.60708661 0.069462026,
  0.43307087 0.60708661 0.11022093,0.42770485 0.60708661 0.15097984,
  0.4119725 0.60708661 0.18896109,0.38694595 0.60708661 0.22157633,
  0.35433071 0.60708661 0.24660288,0.31634946 0.60708661 0.26233523,
  -0.3503937 0.60708661 0.40155951,-0.34020397 0.60708661 0.40290102,
  -0.33070866 0.60708661 0.4068341,-0.32255485 0.60708661 0.41309074,
  -0.31629821 0.60708661 0.42124455,-0.31236512 0.60708661 0.43073987,
  -0.31102362 0.60708661 0.44092959,-0.31236512 0.60708661 0.45111932,
  -0.31629821 0.60708661 0.46061463,-0.32255485 0.60708661 0.46876844,
  -0.33070866 0.60708661 0.47502508,-0.34020397 0.60708661 0.47895817,
  -0.3503937 0.60708661 0.48029967,-0.36058343 0.60708661 0.47895817,
  -0.37007874 0.60708661 0.47502508,-0.37823255 0.60708661 0.46876844,
  -0.38448919 0.60708661 0.46061463,-0.38842228 0.60708661 0.45111932,
  -0.38976378 0.60708661 0.44092959,-0.38842228 0.60708661 0.43073987,
  -0.38448919 0.60708661 0.42124455,-0.37823255 0.60708661 0.41309074,
  -0.37007874 0.60708661 0.4068341,-0.36058343 0.60708661 0.40290102] }
 coordIndex [
  110,16,111,-1,112,111,16,-1,109,15,16,-1,109,16,110,-1,113,16,17,-1,113,112,16,-1,114,113,17,-1,108,15,109,-1,
  107,15,108,-1,115,114,17,-1,116,17,18,-1,116,115,17,-1,117,116,18,-1,39,107,106,-1,39,15,107,-1,40,106,105,-1,
  40,39,106,-1,38,14,15,-1,38,15,39,-1,37,14,38,-1,41,105,104,-1,41,40,105,-1,36,13,14,-1,36,14,37,-1,
  42,104,103,-1,42,41,104,-1,43,103,102,-1,43,42,103,-1,35,13,36,-1,34,12,13,-1,34,13,35,-1,44,102,101,-1,
  44,43,102,-1,33,12,34,-1,45,101,100,-1,45,44,101,-1,46,45,100,-1,32,12,33,-1,32,11,12,-1,31,11,32,-1,
  51,118,117,-1,51,117,18,-1,50,119,118,-1,50,96,119,-1,50,118,51,-1,52,18,19,-1,52,51,18,-1,49,96,50,-1,
  49,97,96,-1,49,98,97,-1,53,52,19,-1,54,53,19,-1,48,98,49,-1,48,99,98,-1,48,100,99,-1,10,11,31,-1,
  71,46,100,-1,71,100,48,-1,71,47,46,-1,71,24,47,-1,55,19,20,-1,55,54,19,-1,56,55,20,-1,70,25,24,-1,
  70,26,25,-1,70,24,71,-1,57,56,20,-1,69,27,26,-1,69,26,70,-1,21,58,57,-1,21,57,20,-1,59,58,21,-1,
  22,60,59,-1,22,61,60,-1,22,59,21,-1,75,28,27,-1,75,29,28,-1,75,27,69,-1,74,30,29,-1,74,29,75,-1,
  76,69,68,-1,76,75,69,-1,73,9,10,-1,73,31,30,-1,73,10,31,-1,73,30,74,-1,77,68,67,-1,77,76,68,-1,
  72,8,9,-1,72,9,73,-1,78,67,66,-1,78,77,67,-1,79,78,66,-1,79,66,65,-1,95,8,72,-1,80,79,65,-1,
  80,65,64,-1,23,62,61,-1,23,63,62,-1,23,61,22,-1,7,8,95,-1,7,95,94,-1,81,64,63,-1,81,80,64,-1,
  93,7,94,-1,0,63,23,-1,0,81,63,-1,6,7,93,-1,6,93,92,-1,1,81,0,-1,1,82,81,-1,1,83,82,-1,
  5,6,92,-1,5,90,89,-1,5,91,90,-1,5,92,91,-1,4,5,89,-1,4,88,87,-1,4,89,88,-1,2,83,1,-1,
  2,84,83,-1,2,85,84,-1,3,4,87,-1,3,85,2,-1,3,86,85,-1,3,87,86,-1]
  normalPerVertex TRUE
  normal DEF NORM_32 Normal { vector [
  0 -1 0,0 -1 0,
  0 -1 0,0 -1 0,
  0 -1 0,0 -1 0,
  0 -1 0,0 -1 0,
  0 -1 0,0 -1 0,
  0 -1 0,0 -1 0,
  0 -1 0,0 -1 0,
  0 -1 0,0 -1 0,
  0 -1 0,0 -1 0,
  0 -1 0,0 -1 0,
  0 -1 0,0 -1 0,
  0 -1 0,0 -1 0,
  0 -1 0,0 -1 0,
  0 -1 0,0 -1 0,
  0 -1 0,0 -1 0,
  0 -1 0,0 -1 0,
  0 -1 0,0 -1 0,
  0 -1 0,0 -1 0,
  0 -1 0,0 -1 0,
  0 -1 0,0 -1 0,
  0 -1 0,0 -1 0,
  0 -1 0,0 -1 0,
  0 -1 0,0 -1 0,
  0 -1 0,0 -1 0,
  0 -1 0,0 -1 0,
  0 -1 0,0 -1 0,
  0 -1 0,0 -1 0,
  0 -1 0,0 -1 0,
  0 -1 0,0 -1 0,
  0 -1 0,0 -1 0,
  0 -1 0,0 -1 0,
  0 -1 0,0 -1 0,
  0 -1 0,0 -1 0,
  0 -1 0,0 -1 0,
  0 -1 0,0 -1 0,
  0 -1 0,0 -1 0,
  0 -1 0,0 -1 0,
  0 -1 0,0 -1 0,
  0 -1 0,0 -1 0,
  0 -1 0,0 -1 0,
  0 -1 0,0 -1 0,
  0 -1 0,0 -1 0,
  0 -1 0,0 -1 0,
  0 -1 0,0 -1 0,
  0 -1 0,0 -1 0,
  0 -1 0,0 -1 0,
  0 -1 0,0 -1 0,
  0 -1 0,0 -1 0,
  0 -1 0,0 -1 0,
  0 -1 0,0 -1 0,
  0 -1 0,0 -1 0,
  0 -1 0,0 -1 0,
  0 -1 0,0 -1 0,
  0 -1 0,0 -1 0,
  0 -1 0,0 -1 0,
  0 -1 0,0 -1 0,
  0 -1 0,0 -1 0,
  0 -1 0,0 -1 0,
  0 -1 0,0 -1 0,
  0 -1 0,0 -1 0] }
}
}
DEF SHAPE_33 Shape {
 appearance USE APP_1
 geometry DEF FACE_33 IndexedFaceSet {
  coord DEF COORD_33 Coordinate { point [
  0 0.60314961 -0.46064521,0.1936048 0.60314961 -0.43515666,
  0.37401575 0.60314961 -0.36042799,0.52893814 0.60314961 -0.24155186,
  0.64781428 0.60314961 -0.086629463,0.72254294 0.60314961 0.093781488,
  0.7480315 0.60314961 0.28738629,0.72254294 0.60314961 0.48099108,
  0.64781428 0.60314961 0.66140203,0.52893814 0.60314961 0.81632443,
  0.37401575 0.60314961 0.93520056,0.1936048 0.60314961 1.0099292,
  0 0.60314961 1.0354178,-0.1936048 0.60314961 1.0099292,
  -0.37401575 0.60314961 0.93520056,-0.52893814 0.60314961 0.81632443,
  -0.64781428 0.60314961 0.66140203,-0.72254294 0.60314961 0.48099108,
  -0.7480315 0.60314961 0.28738629,-0.72254294 0.60314961 0.093781488,
  -0.64781428 0.60314961 -0.086629463,-0.52893814 0.60314961 -0.24155186,
  -0.37401575 0.60314961 -0.36042799,-0.1936048 0.60314961 -0.43515666,
  0 0.60314961 -0.3031649,0.15284589 0.60314961 -0.28304235,
  0.29527559 0.60314961 -0.22404604,0.41758274 0.60314961 -0.13019646,
  0.51143233 0.60314961 -0.0078893054,0.57042864 0.60314961 0.13454039,
  0.59055118 0.60314961 0.28738629,0.57042864 0.60314961 0.44023218,
  0.51143233 0.60314961 0.58266188,0.41758274 0.60314961 0.70496903,
  0.29527559 0.60314961 0.79881861,0.15284589 0.60314961 0.85781492,
  0 0.60314961 0.87793747,-0.15284589 0.60314961 0.85781492,
  -0.29527559 0.60314961 0.79881861,-0.41758274 0.60314961 0.70496903,
  -0.51143233 0.60314961 0.58266188,-0.57042864 0.60314961 0.44023218,
  -0.59055118 0.60314961 0.28738629,-0.57042864 0.60314961 0.13454039,
  -0.51143233 0.60314961 -0.0078893054,-0.41758274 0.60314961 -0.13019646,
  -0.29527559 0.60314961 -0.22404604,-0.15284589 0.60314961 -0.28304235] }
 coordIndex [
  38,14,15,-1,38,15,39,-1,40,15,16,-1,40,39,15,-1,37,13,14,-1,37,14,38,-1,41,16,17,-1,41,40,16,-1,
  42,17,18,-1,42,41,17,-1,36,12,13,-1,36,13,37,-1,43,18,19,-1,43,42,18,-1,35,11,12,-1,35,12,36,-1,
  44,19,20,-1,44,43,19,-1,34,10,11,-1,34,11,35,-1,45,20,21,-1,45,44,20,-1,9,34,33,-1,9,10,34,-1,
  22,46,45,-1,22,45,21,-1,8,9,33,-1,8,33,32,-1,31,8,32,-1,23,46,22,-1,23,47,46,-1,7,8,31,-1,
  24,47,23,-1,0,24,23,-1,0,25,24,-1,6,7,31,-1,6,31,30,-1,1,25,0,-1,5,30,29,-1,5,6,30,-1,
  4,28,27,-1,4,29,28,-1,4,5,29,-1,2,26,25,-1,2,25,1,-1,3,4,27,-1,3,27,26,-1,3,26,2,-1]
  normalPerVertex TRUE
  normal DEF NORM_33 Normal { vector [
  0 -1 0,0 -1 0,
  0 -1 0,0 -1 0,
  0 -1 0,0 -1 0,
  0 -1 0,0 -1 0,
  0 -1 0,0 -1 0,
  0 -1 0,0 -1 0,
  0 -1 0,0 -1 0,
  0 -1 0,0 -1 0,
  0 -1 0,0 -1 0,
  0 -1 0,0 -1 0,
  0 -1 0,0 -1 0,
  0 -1 0,0 -1 0,
  0 -1 0,0 -1 0,
  0 -1 0,0 -1 0,
  0 -1 0,0 -1 0,
  0 -1 0,0 -1 0,
  0 -1 0,0 -1 0,
  0 -1 0,0 -1 0,
  0 -1 0,0 -1 0,
  0 -1 0,0 -1 0,
  0 -1 0,0 -1 0,
  0 -1 0,0 -1 0,
  0 -1 0,0 -1 0,
  0 -1 0,0 -1 0] }
}
}
DEF SHAPE_34 Shape {
 appearance USE APP_1
 geometry DEF FACE_34 IndexedFaceSet {
  coord DEF COORD_34 Coordinate { point [
  0 1.1937008 1.0354178,0.1936048 1.1937008 1.0099292,
  0.37401575 1.1937008 0.93520056,0.52893814 1.1937008 0.81632443,
  0.64781428 1.1937008 0.66140203,0.72254294 1.1937008 0.48099108,
  0.7480315 1.1937008 0.28738629,0.72254294 1.1937008 0.093781488,
  0.64781428 1.1937008 -0.086629463,0.52893814 1.1937008 -0.24155186,
  0.37401575 1.1937008 -0.36042799,0.1936048 1.1937008 -0.43515666,
  0 1.1937008 -0.46064521,-0.1936048 1.1937008 -0.43515666,
  -0.37401575 1.1937008 -0.36042799,-0.52893814 1.1937008 -0.24155186,
  -0.64781428 1.1937008 -0.086629463,-0.72254294 1.1937008 0.093781488,
  -0.7480315 1.1937008 0.28738629,-0.72254294 1.1937008 0.48099108,
  -0.64781428 1.1937008 0.66140203,-0.52893814 1.1937008 0.81632443,
  -0.37401575 1.1937008 0.93520056,-0.1936048 1.1937008 1.0099292,
  0 1.1937008 0.97636266,0.17832021 1.1937008 0.95288636,
  0.34448819 1.1937008 0.88405733,0.48717987 1.1937008 0.77456615,
  0.59667105 1.1937008 0.63187447,0.66550008 1.1937008 0.46570649,
  0.68897638 1.1937008 0.28738629,0.66550008 1.1937008 0.10906608,
  0.59667105 1.1937008 -0.057101904,0.48717987 1.1937008 -0.19979358,
  0.34448819 1.1937008 -0.30928476,0.17832021 1.1937008 -0.37811379,
  0 1.1937008 -0.40159009,-0.17832021 1.1937008 -0.37811379,
  -0.34448819 1.1937008 -0.30928476,-0.48717987 1.1937008 -0.19979358,
  -0.59667105 1.1937008 -0.057101904,-0.66550008 1.1937008 0.10906608,
  -0.68897638 1.1937008 0.28738629,-0.66550008 1.1937008 0.46570649,
  -0.59667105 1.1937008 0.63187447,-0.48717987 1.1937008 0.77456615,
  -0.34448819 1.1937008 0.88405733,-0.17832021 1.1937008 0.95288636] }
 coordIndex [
  46,21,22,-1,46,45,21,-1,44,20,21,-1,44,21,45,-1,43,19,20,-1,43,20,44,-1,47,22,23,-1,47,46,22,-1,
  24,23,0,-1,24,47,23,-1,42,18,19,-1,42,19,43,-1,25,0,1,-1,25,24,0,-1,41,17,18,-1,41,18,42,-1,
  40,16,17,-1,40,17,41,-1,26,1,2,-1,26,25,1,-1,39,15,16,-1,39,16,40,-1,27,2,3,-1,27,26,2,-1,
  14,39,38,-1,14,15,39,-1,4,28,27,-1,4,27,3,-1,29,28,4,-1,5,29,4,-1,13,38,37,-1,13,14,38,-1,
  36,13,37,-1,6,29,5,-1,6,30,29,-1,12,13,36,-1,31,30,6,-1,7,31,6,-1,11,12,36,-1,11,36,35,-1,
  8,32,31,-1,8,31,7,-1,10,11,35,-1,10,35,34,-1,9,33,32,-1,9,34,33,-1,9,32,8,-1,9,10,34,-1]
  normalPerVertex TRUE
  normal DEF NORM_34 Normal { vector [
  0 1 0,0 1 0,
  0 1 0,0 1 0,
  0 1 0,0 1 0,
  0 1 0,0 1 0,
  0 1 0,0 1 0,
  0 1 0,0 1 0,
  0 1 0,0 1 0,
  0 1 0,0 1 0,
  0 1 0,0 1 0,
  0 1 0,0 1 0,
  0 1 0,0 1 0,
  0 1 0,0 1 0,
  0 1 0,0 1 0,
  0 1 0,0 1 0,
  0 1 0,0 1 0,
  0 1 0,0 1 0,
  0 1 0,0 1 0,
  0 1 0,0 1 0,
  0 1 0,0 1 0,
  0 1 0,0 1 0,
  0 1 0,0 1 0,
  0 1 0,0 1 0,
  0 1 0,0 1 0,
  0 1 0,0 1 0] }
}
}
DEF SHAPE_35 Shape {
 appearance USE APP_3
 geometry DEF FACE_35 IndexedFaceSet {
  coord DEF COORD_35 Coordinate { point [
  0 1.292126 -0.40159009,-0.17832021 1.292126 -0.37811379,
  -0.34448819 1.292126 -0.30928476,-0.48717987 1.292126 -0.19979358,
  -0.59667105 1.292126 -0.057101904,-0.66550008 1.292126 0.10906608,
  -0.68897638 1.292126 0.28738629,-0.66550008 1.292126 0.46570649,
  -0.59667105 1.292126 0.63187447,-0.48717987 1.292126 0.77456615,
  -0.34448819 1.292126 0.88405733,-0.17832021 1.292126 0.95288636,
  0 1.292126 0.97636266,0.17832021 1.292126 0.95288636,
  0.34448819 1.292126 0.88405733,0.48717987 1.292126 0.77456615,
  0.59667105 1.292126 0.63187447,0.66550008 1.292126 0.46570649,
  0.68897638 1.292126 0.28738629,0.66550008 1.292126 0.10906608,
  0.59667105 1.292126 -0.057101904,0.48717987 1.292126 -0.19979358,
  0.34448819 1.292126 -0.30928476,0.17832021 1.292126 -0.37811379] }
 coordIndex [
  9,6,7,-1,9,7,8,-1,18,19,20,-1,12,9,10,-1,12,10,11,-1,13,9,12,-1,16,17,18,-1,15,0,1,-1,
  15,1,2,-1,15,2,3,-1,15,3,4,-1,15,4,5,-1,15,5,6,-1,15,13,14,-1,15,20,21,-1,15,21,22,-1,
  15,22,23,-1,15,23,0,-1,15,6,9,-1,15,18,20,-1,15,16,18,-1,15,9,13,-1]
  normalPerVertex TRUE
  normal DEF NORM_35 Normal { vector [
  0 1 0,0 1 0,
  0 1 0,0 1 0,
  0 1 0,0 1 0,
  0 1 0,0 1 0,
  0 1 0,0 1 0,
  0 1 0,0 1 0,
  0 1 0,0 1 0,
  0 1 0,0 1 0,
  0 1 0,0 1 0,
  0 1 0,0 1 0,
  0 1 0,0 1 0,
  0 1 0,0 1 0] }
}
}
DEF SHAPE_36 Shape {
 appearance USE APP_1
 geometry DEF FACE_36 IndexedFaceSet {
  coord DEF COORD_36 Coordinate { point [
  0.27559055 0.58740157 0.26770125,0.23483165 0.58740157 0.26233523,
  0.19685039 0.58740157 0.24660288,0.16423515 0.58740157 0.22157633,
  0.1392086 0.58740157 0.18896109,0.12347625 0.58740157 0.15097984,
  0.11811024 0.58740157 0.11022093,0.12347625 0.58740157 0.069462026,
  0.1392086 0.58740157 0.031480773,0.16423515 0.58740157 -0.0011344678,
  0.19685039 0.58740157 -0.026161023,0.23483165 0.58740157 -0.041893373,
  0.27559055 0.58740157 -0.047259384,0.31634946 0.58740157 -0.041893373,
  0.35433071 0.58740157 -0.026161023,0.38694595 0.58740157 -0.0011344678,
  0.4119725 0.58740157 0.031480773,0.42770485 0.58740157 0.069462026,
  0.43307087 0.58740157 0.11022093,0.42770485 0.58740157 0.15097984,
  0.4119725 0.58740157 0.18896109,0.38694595 0.58740157 0.22157633,
  0.35433071 0.58740157 0.24660288,0.31634946 0.58740157 0.26233523,
  0.27559055 0.58740157 0.18896109,0.2552111 0.58740157 0.18627808,
  0.23622047 0.58740157 0.17841191,0.21991285 0.58740157 0.16589863,
  0.20739957 0.58740157 0.14959101,0.1995334 0.58740157 0.13060038,
  0.19685039 0.58740157 0.11022093,0.1995334 0.58740157 0.089841478,
  0.20739957 0.58740157 0.070850852,0.21991285 0.58740157 0.054543232,
  0.23622047 0.58740157 0.042029954,0.2552111 0.58740157 0.034163779,
  0.27559055 0.58740157 0.031480773,0.29597 0.58740157 0.034163779,
  0.31496063 0.58740157 0.042029954,0.33126825 0.58740157 0.054543232,
  0.34378153 0.58740157 0.070850852,0.3516477 0.58740157 0.089841478,
  0.35433071 0.58740157 0.11022093,0.3516477 0.58740157 0.13060038,
  0.34378153 0.58740157 0.14959101,0.33126825 0.58740157 0.16589863,
  0.31496063 0.58740157 0.17841191,0.29597 0.58740157 0.18627808] }
 coordIndex [
  26,2,3,-1,26,3,27,-1,28,3,4,-1,28,27,3,-1,25,1,2,-1,25,2,26,-1,29,4,5,-1,29,28,4,-1,
  24,0,1,-1,24,1,25,-1,30,5,6,-1,30,29,5,-1,31,6,7,-1,31,30,6,-1,47,23,0,-1,47,0,24,-1,
  32,7,8,-1,32,31,7,-1,46,22,23,-1,46,23,47,-1,33,8,9,-1,33,32,8,-1,45,21,22,-1,45,22,46,-1,
  10,34,33,-1,10,35,34,-1,10,33,9,-1,20,45,44,-1,20,21,45,-1,11,35,10,-1,19,20,44,-1,19,44,43,-1,
  18,19,43,-1,18,43,42,-1,12,35,11,-1,12,36,35,-1,17,18,42,-1,17,42,41,-1,13,36,12,-1,13,37,36,-1,
  13,38,37,-1,16,17,41,-1,16,40,39,-1,16,41,40,-1,14,38,13,-1,15,16,39,-1,15,39,38,-1,15,38,14,-1]
  normalPerVertex TRUE
  normal DEF NORM_36 Normal { vector [
  0 -1 0,0 -1 0,
  0 -1 0,0 -1 0,
  0 -1 0,0 -1 0,
  0 -1 0,0 -1 0,
  0 -1 0,0 -1 0,
  0 -1 0,0 -1 0,
  0 -1 0,0 -1 0,
  0 -1 0,0 -1 0,
  0 -1 0,0 -1 0,
  0 -1 0,0 -1 0,
  0 -1 0,0 -1 0,
  0 -1 0,0 -1 0,
  0 -1 0,0 -1 0,
  0 -1 0,0 -1 0,
  0 -1 0,0 -1 0,
  0 -1 0,0 -1 0,
  0 -1 0,0 -1 0,
  0 -1 0,0 -1 0,
  0 -1 0,0 -1 0,
  0 -1 0,0 -1 0,
  0 -1 0,0 -1 0,
  0 -1 0,0 -1 0,
  0 -1 0,0 -1 0,
  0 -1 0,0 -1 0] }
}
}
DEF SHAPE_37 Shape {
 appearance USE APP_1
 geometry DEF FACE_37 IndexedFaceSet {
  coord DEF COORD_37 Coordinate { point [
  0.27559055 -0.1015748 0.18896109,0.2552111 -0.1015748 0.18627808,
  0.23622047 -0.1015748 0.17841191,0.21991285 -0.1015748 0.16589863,
  0.20739957 -0.1015748 0.14959101,0.1995334 -0.1015748 0.13060038,
  0.19685039 -0.1015748 0.11022093,0.1995334 -0.1015748 0.089841478,
  0.20739957 -0.1015748 0.070850852,0.21991285 -0.1015748 0.054543232,
  0.23622047 -0.1015748 0.042029954,0.2552111 -0.1015748 0.034163779,
  0.27559055 -0.1015748 0.031480773,0.29597 -0.1015748 0.034163779,
  0.31496063 -0.1015748 0.042029954,0.33126825 -0.1015748 0.054543232,
  0.34378153 -0.1015748 0.070850852,0.3516477 -0.1015748 0.089841478,
  0.35433071 -0.1015748 0.11022093,0.3516477 -0.1015748 0.13060038,
  0.34378153 -0.1015748 0.14959101,0.33126825 -0.1015748 0.16589863,
  0.31496063 -0.1015748 0.17841191,0.29597 -0.1015748 0.18627808] }
 coordIndex [
  15,0,1,-1,15,1,2,-1,15,2,3,-1,15,3,4,-1,15,4,5,-1,15,5,6,-1,15,6,7,-1,15,7,8,-1,
  15,8,9,-1,15,9,10,-1,15,10,11,-1,15,11,12,-1,15,12,13,-1,15,13,14,-1,15,16,17,-1,15,17,18,-1,
  15,18,19,-1,15,19,20,-1,15,20,21,-1,15,21,22,-1,15,22,23,-1,15,23,0,-1]
  normalPerVertex TRUE
  normal DEF NORM_37 Normal { vector [
  0 -1 0,0 -1 0,
  0 -1 0,0 -1 0,
  0 -1 0,0 -1 0,
  0 -1 0,0 -1 0,
  0 -1 0,0 -1 0,
  0 -1 0,0 -1 0,
  0 -1 0,0 -1 0,
  0 -1 0,0 -1 0,
  0 -1 0,0 -1 0,
  0 -1 0,0 -1 0,
  0 -1 0,0 -1 0,
  0 -1 0,0 -1 0] }
}
}
DEF SHAPE_38 Shape {
 appearance USE APP_1
 geometry DEF FACE_38 IndexedFaceSet {
  coord DEF COORD_38 Coordinate { point [
  -0.27559055 0.58740157 0.26770125,-0.31634946 0.58740157 0.26233523,
  -0.35433071 0.58740157 0.24660288,-0.38694595 0.58740157 0.22157633,
  -0.4119725 0.58740157 0.18896109,-0.42770485 0.58740157 0.15097984,
  -0.43307087 0.58740157 0.11022093,-0.42770485 0.58740157 0.069462026,
  -0.4119725 0.58740157 0.031480773,-0.38694595 0.58740157 -0.0011344678,
  -0.35433071 0.58740157 -0.026161023,-0.31634946 0.58740157 -0.041893373,
  -0.27559055 0.58740157 -0.047259384,-0.23483165 0.58740157 -0.041893373,
  -0.19685039 0.58740157 -0.026161023,-0.16423515 0.58740157 -0.0011344678,
  -0.1392086 0.58740157 0.031480773,-0.12347625 0.58740157 0.069462026,
  -0.11811024 0.58740157 0.11022093,-0.12347625 0.58740157 0.15097984,
  -0.1392086 0.58740157 0.18896109,-0.16423515 0.58740157 0.22157633,
  -0.19685039 0.58740157 0.24660288,-0.23483165 0.58740157 0.26233523,
  -0.27559055 0.58740157 0.18896109,-0.29597 0.58740157 0.18627808,
  -0.31496063 0.58740157 0.17841191,-0.33126825 0.58740157 0.16589863,
  -0.34378153 0.58740157 0.14959101,-0.3516477 0.58740157 0.13060038,
  -0.35433071 0.58740157 0.11022093,-0.3516477 0.58740157 0.089841478,
  -0.34378153 0.58740157 0.070850852,-0.33126825 0.58740157 0.054543232,
  -0.31496063 0.58740157 0.042029954,-0.29597 0.58740157 0.034163779,
  -0.27559055 0.58740157 0.031480773,-0.2552111 0.58740157 0.034163779,
  -0.23622047 0.58740157 0.042029954,-0.21991285 0.58740157 0.054543232,
  -0.20739957 0.58740157 0.070850852,-0.1995334 0.58740157 0.089841478,
  -0.19685039 0.58740157 0.11022093,-0.1995334 0.58740157 0.13060038,
  -0.20739957 0.58740157 0.14959101,-0.21991285 0.58740157 0.16589863,
  -0.23622047 0.58740157 0.17841191,-0.2552111 0.58740157 0.18627808] }
 coordIndex [
  26,2,3,-1,26,3,27,-1,28,3,4,-1,28,27,3,-1,25,1,2,-1,25,2,26,-1,29,4,5,-1,29,28,4,-1,
  24,0,1,-1,24,1,25,-1,30,5,6,-1,30,29,5,-1,31,6,7,-1,31,30,6,-1,47,23,0,-1,47,0,24,-1,
  32,7,8,-1,32,31,7,-1,46,22,23,-1,46,23,47,-1,33,8,9,-1,33,32,8,-1,45,21,22,-1,45,22,46,-1,
  34,33,9,-1,10,34,9,-1,20,45,44,-1,20,21,45,-1,11,34,10,-1,11,35,34,-1,19,20,44,-1,19,44,43,-1,
  12,35,11,-1,12,36,35,-1,18,19,43,-1,18,43,42,-1,17,18,42,-1,17,42,41,-1,13,36,12,-1,13,37,36,-1,
  16,17,41,-1,16,41,40,-1,14,38,37,-1,14,37,13,-1,15,39,38,-1,15,40,39,-1,15,38,14,-1,15,16,40,-1]
  normalPerVertex TRUE
  normal DEF NORM_38 Normal { vector [
  0 -1 0,0 -1 0,
  0 -1 0,0 -1 0,
  0 -1 0,0 -1 0,
  0 -1 0,0 -1 0,
  0 -1 0,0 -1 0,
  0 -1 0,0 -1 0,
  0 -1 0,0 -1 0,
  0 -1 0,0 -1 0,
  0 -1 0,0 -1 0,
  0 -1 0,0 -1 0,
  0 -1 0,0 -1 0,
  0 -1 0,0 -1 0,
  0 -1 0,0 -1 0,
  0 -1 0,0 -1 0,
  0 -1 0,0 -1 0,
  0 -1 0,0 -1 0,
  0 -1 0,0 -1 0,
  0 -1 0,0 -1 0,
  0 -1 0,0 -1 0,
  0 -1 0,0 -1 0,
  0 -1 0,0 -1 0,
  0 -1 0,0 -1 0,
  0 -1 0,0 -1 0,
  0 -1 0,0 -1 0] }
}
}
DEF SHAPE_39 Shape {
 appearance USE APP_1
 geometry DEF FACE_39 IndexedFaceSet {
  coord DEF COORD_39 Coordinate { point [
  -0.27559055 -0.1015748 0.031480773,-0.2552111 -0.1015748 0.034163779,
  -0.23622047 -0.1015748 0.042029954,-0.21991285 -0.1015748 0.054543232,
  -0.20739957 -0.1015748 0.070850852,-0.1995334 -0.1015748 0.089841478,
  -0.19685039 -0.1015748 0.11022093,-0.1995334 -0.1015748 0.13060038,
  -0.20739957 -0.1015748 0.14959101,-0.21991285 -0.1015748 0.16589863,
  -0.23622047 -0.1015748 0.17841191,-0.2552111 -0.1015748 0.18627808,
  -0.27559055 -0.1015748 0.18896109,-0.29597 -0.1015748 0.18627808,
  -0.31496063 -0.1015748 0.17841191,-0.33126825 -0.1015748 0.16589863,
  -0.34378153 -0.1015748 0.14959101,-0.3516477 -0.1015748 0.13060038,
  -0.35433071 -0.1015748 0.11022093,-0.3516477 -0.1015748 0.089841478,
  -0.34378153 -0.1015748 0.070850852,-0.33126825 -0.1015748 0.054543232,
  -0.31496063 -0.1015748 0.042029954,-0.29597 -0.1015748 0.034163779] }
 coordIndex [
  12,13,14,-1,9,0,1,-1,9,1,2,-1,9,2,3,-1,9,3,4,-1,9,4,5,-1,9,5,6,-1,9,6,7,-1,
  9,7,8,-1,9,10,11,-1,9,11,12,-1,9,14,15,-1,9,15,16,-1,9,16,17,-1,9,17,18,-1,9,18,19,-1,
  9,19,20,-1,9,20,21,-1,9,21,22,-1,9,22,23,-1,9,23,0,-1,9,12,14,-1]
  normalPerVertex TRUE
  normal DEF NORM_39 Normal { vector [
  0 -1 0,0 -1 0,
  0 -1 0,0 -1 0,
  0 -1 0,0 -1 0,
  0 -1 0,0 -1 0,
  0 -1 0,0 -1 0,
  0 -1 0,0 -1 0,
  0 -1 0,0 -1 0,
  0 -1 0,0 -1 0,
  0 -1 0,0 -1 0,
  0 -1 0,0 -1 0,
  0 -1 0,0 -1 0,
  0 -1 0,0 -1 0] }
}
}
DEF SHAPE_40 Shape {
 appearance USE APP_2
 geometry DEF FACE_40 IndexedFaceSet {
  coord DEF COORD_40 Coordinate { point [
  -0.3503937 0.61889764 0.40155951,-0.34020397 0.61889764 0.40290102,
  -0.33070866 0.61889764 0.4068341,-0.32255485 0.61889764 0.41309074,
  -0.31629821 0.61889764 0.42124455,-0.31236512 0.61889764 0.43073987,
  -0.31102362 0.61889764 0.44092959,-0.31236512 0.61889764 0.45111932,
  -0.31629821 0.61889764 0.46061463,-0.32255485 0.61889764 0.46876844,
  -0.33070866 0.61889764 0.47502508,-0.34020397 0.61889764 0.47895817,
  -0.3503937 0.61889764 0.48029967,-0.36058343 0.61889764 0.47895817,
  -0.37007874 0.61889764 0.47502508,-0.37823255 0.61889764 0.46876844,
  -0.38448919 0.61889764 0.46061463,-0.38842228 0.61889764 0.45111932,
  -0.38976378 0.61889764 0.44092959,-0.38842228 0.61889764 0.43073987,
  -0.38448919 0.61889764 0.42124455,-0.37823255 0.61889764 0.41309074,
  -0.37007874 0.61889764 0.4068341,-0.36058343 0.61889764 0.40290102] }
 coordIndex [
  3,0,1,-1,3,1,2,-1,3,4,5,-1,3,5,6,-1,3,6,7,-1,3,7,8,-1,3,8,9,-1,3,9,10,-1,
  3,10,11,-1,3,11,12,-1,3,12,13,-1,3,13,14,-1,3,14,15,-1,3,15,16,-1,3,16,17,-1,3,17,18,-1,
  3,18,19,-1,3,19,20,-1,3,20,21,-1,3,21,22,-1,3,22,23,-1,3,23,0,-1]
  normalPerVertex TRUE
  normal DEF NORM_40 Normal { vector [
  0 -1 0,0 -1 0,
  0 -1 0,0 -1 0,
  0 -1 0,0 -1 0,
  0 -1 0,0 -1 0,
  0 -1 0,0 -1 0,
  0 -1 0,0 -1 0,
  0 -1 0,0 -1 0,
  0 -1 0,0 -1 0,
  0 -1 0,0 -1 0,
  0 -1 0,0 -1 0,
  0 -1 0,0 -1 0,
  0 -1 0,0 -1 0] }
}
}
DEF SHAPE_41 Shape {
 appearance USE APP_2
 geometry DEF FACE_41 IndexedFaceSet {
  coord DEF COORD_41 Coordinate { point [
  -0.16929134 0.61889764 0.4448666,-0.15910161 0.61889764 0.4462081,
  -0.1496063 0.61889764 0.45014119,-0.14145249 0.61889764 0.45639783,
  -0.13519585 0.61889764 0.46455164,-0.13126276 0.61889764 0.47404695,
  -0.12992126 0.61889764 0.48423668,-0.13126276 0.61889764 0.49442641,
  -0.13519585 0.61889764 0.50392172,-0.14145249 0.61889764 0.51207553,
  -0.1496063 0.61889764 0.51833217,-0.15910161 0.61889764 0.52226525,
  -0.16929134 0.61889764 0.52360676,-0.17948106 0.61889764 0.52226525,
  -0.18897638 0.61889764 0.51833217,-0.19713019 0.61889764 0.51207553,
  -0.20338683 0.61889764 0.50392172,-0.20731991 0.61889764 0.49442641,
  -0.20866142 0.61889764 0.48423668,-0.20731991 0.61889764 0.47404695,
  -0.20338683 0.61889764 0.46455164,-0.19713019 0.61889764 0.45639783,
  -0.18897638 0.61889764 0.45014119,-0.17948106 0.61889764 0.4462081] }
 coordIndex [
  3,0,1,-1,3,1,2,-1,3,4,5,-1,3,5,6,-1,3,6,7,-1,3,7,8,-1,3,8,9,-1,3,9,10,-1,
  3,10,11,-1,3,11,12,-1,3,12,13,-1,3,13,14,-1,3,14,15,-1,3,15,16,-1,3,16,17,-1,3,17,18,-1,
  3,18,19,-1,3,19,20,-1,3,20,21,-1,3,21,22,-1,3,22,23,-1,3,23,0,-1]
  normalPerVertex TRUE
  normal DEF NORM_41 Normal { vector [
  0 -1 0,0 -1 0,
  0 -1 0,0 -1 0,
  0 -1 0,0 -1 0,
  0 -1 0,0 -1 0,
  0 -1 0,0 -1 0,
  0 -1 0,0 -1 0,
  0 -1 0,0 -1 0,
  0 -1 0,0 -1 0,
  0 -1 0,0 -1 0,
  0 -1 0,0 -1 0,
  0 -1 0,0 -1 0,
  0 -1 0,0 -1 0] }
}
}
] }
DEF TXFM_5 Transform {
  center 0 0 0
  rotation 0 0 1 0
  scale 1 1 1
  scaleOrientation 0 0 1 0
  translation 0 0 0
 children [
DEF SHAPE_42 Shape {
 appearance USE APP_1
 geometry DEF FACE_42 IndexedFaceSet {
  coord DEF COORD_42 Coordinate { point [
  -0.41956788 0.60708661 -0.077050638,-0.37555526 0.60708661 -0.10380516,
  -0.32679 0.60708661 -0.1203842,-0.27559055 0.60708661 -0.12599954,
  -0.2243911 0.60708661 -0.1203842,-0.17562584 0.60708661 -0.10380516,
  -0.13161322 0.60708661 -0.077050638,-0.13161322 0.58740157 -0.077050638,
  -0.41956788 0.58740157 -0.077050638,-0.37555526 0.58740157 -0.10380516,
  -0.32679 0.58740157 -0.1203842,-0.27559055 0.58740157 -0.12599954,
  -0.2243911 0.58740157 -0.1203842,-0.17562584 0.58740157 -0.10380516] }
 coordIndex [
  5,6,7,-1,5,7,13,-1,4,13,12,-1,4,5,13,-1,3,12,11,-1,3,4,12,-1,2,11,10,-1,2,3,11,-1,
  1,10,9,-1,1,2,10,-1,0,9,8,-1,0,1,9,-1]
  normalPerVertex TRUE
  normal DEF NORM_42 Normal { vector [
  -0.51944019 0 -0.85450681,-0.38979985 0 -0.9208996,
  -0.18093393 0 -0.98349525,0.036534176 0 -0.9993324,
  0.25226533 0 -0.9676581,0.45600298 0 -0.88997825,
  0.51944019 0 -0.85450681,0.51944019 0 -0.85450681,
  -0.51944019 0 -0.85450681,-0.45600298 0 -0.88997825,
  -0.25226533 0 -0.9676581,-0.036534176 0 -0.9993324,
  0.18093393 0 -0.98349525,0.38979985 0 -0.9208996] }
}
}
DEF SHAPE_43 Shape {
 appearance USE APP_1
 geometry DEF FACE_43 IndexedFaceSet {
  coord DEF COORD_43 Coordinate { point [
  -0.13161322 0.60708661 -0.077050638,-0.12818228 0.60708661 -0.073669449,
  -0.12567524 0.60708661 -0.069556234,-0.12424223 0.60708661 -0.064957293,
  -0.12396905 0.60708661 -0.060148014,-0.12487206 0.60708661 -0.05541638,
  -0.12689719 0.60708661 -0.051045724,-0.12992317 0.60708661 -0.047297764,
  -0.13376881 0.60708661 -0.044396929,-0.13376881 0.58740157 -0.044396929,
  -0.13161322 0.58740157 -0.077050638,-0.12818228 0.58740157 -0.073669449,
  -0.12567524 0.58740157 -0.069556234,-0.12424223 0.58740157 -0.064957293,
  -0.12396905 0.58740157 -0.060148014,-0.12487206 0.58740157 -0.05541638,
  -0.12689719 0.58740157 -0.051045724,-0.12992317 0.58740157 -0.047297764] }
 coordIndex [
  7,8,9,-1,7,9,17,-1,6,17,16,-1,6,7,17,-1,5,16,15,-1,5,6,16,-1,4,15,14,-1,4,5,15,-1,
  3,14,13,-1,3,4,14,-1,2,13,12,-1,2,3,13,-1,1,12,11,-1,1,2,12,-1,0,11,10,-1,0,1,11,-1]
  normalPerVertex TRUE
  normal DEF NORM_43 Normal { vector [
  0.70192369 0 -0.71225216,0.80863285 0 -0.58831362,
  0.92730388 0 -0.37430938,0.99044737 0 -0.13789126,
  0.99428226 0 0.10678387,0.93857889 0 0.34506472,
  0.82667284 0 0.56268288,0.66526509 0 0.74660723,
  0.6022038 0 0.7983424,0.6022038 0 0.7983424,
  0.70192369 0 -0.71225216,0.75763693 0 -0.65267625,
  0.89346633 0 -0.44913018,0.9757944 0 -0.21868992,
  0.9996913 0 0.024845635,0.96372605 0 0.26689342,
  0.87005228 0 0.49295945,0.72427924 0 0.68950677] }
}
}
DEF SHAPE_44 Shape {
 appearance USE APP_1
 geometry DEF FACE_44 IndexedFaceSet {
  coord DEF COORD_44 Coordinate { point [
  -0.18209049 0.60708661 -0.016498397,-0.13376881 0.60708661 -0.044396929,
  -0.18209049 0.58740157 -0.016498397,-0.13376881 0.58740157 -0.044396929] }
 coordIndex [
  2,1,0,-1,2,3,1,-1]
  normalPerVertex TRUE
  normal DEF NORM_44 Normal { vector [
  0.5 0 0.8660254,0.5 0 0.8660254,
  0.5 0 0.8660254,0.5 0 0.8660254] }
}
}
DEF SHAPE_45 Shape {
 appearance USE APP_1
 geometry DEF FACE_45 IndexedFaceSet {
  coord DEF COORD_45 Coordinate { point [
  -0.18209049 0.58740157 -0.016498397,-0.18209049 0.60708661 -0.016498397,
  -0.21697196 0.58740157 -0.035943054,-0.255623 0.58740157 -0.045988373,
  -0.2955581 0.58740157 -0.045988373,-0.33420914 0.58740157 -0.035943054,
  -0.36909061 0.58740157 -0.016498397,-0.36909061 0.60708661 -0.016498397,
  -0.21697196 0.60708661 -0.035943054,-0.255623 0.60708661 -0.045988373,
  -0.2955581 0.60708661 -0.045988373,-0.33420914 0.60708661 -0.035943054] }
 coordIndex [
  8,0,1,-1,8,2,0,-1,9,3,2,-1,9,2,8,-1,10,4,3,-1,10,3,9,-1,11,5,4,-1,11,4,10,-1,
  7,6,5,-1,7,5,11,-1]
  normalPerVertex TRUE
  normal DEF NORM_45 Normal { vector [
  -0.48690651 0 0.87345409,-0.48690651 0 0.87345409,
  -0.33237974 0 0.94314565,-0.084452654 0 0.99642749,
  0.16890531 0 0.98563228,0.41140151 0 0.91145422,
  0.48690651 0 0.87345409,0.48690651 0 0.87345409,
  -0.41140151 0 0.91145422,-0.16890531 0 0.98563228,
  0.084452654 0 0.99642749,0.33237974 0 0.94314565] }
}
}
DEF SHAPE_46 Shape {
 appearance USE APP_1
 geometry DEF FACE_46 IndexedFaceSet {
  coord DEF COORD_46 Coordinate { point [
  -0.36909061 0.58740157 -0.016498397,-0.36909061 0.60708661 -0.016498397,
  -0.41741229 0.58740157 -0.044396929,-0.41741229 0.60708661 -0.044396929] }
 coordIndex [
  0,3,2,-1,0,1,3,-1]
  normalPerVertex TRUE
  normal DEF NORM_46 Normal { vector [
  -0.5 0 0.8660254,-0.5 0 0.8660254,
  -0.5 0 0.8660254,-0.5 0 0.8660254] }
}
}
DEF SHAPE_47 Shape {
 appearance USE APP_1
 geometry DEF FACE_47 IndexedFaceSet {
  coord DEF COORD_47 Coordinate { point [
  -0.41741229 0.60708661 -0.044396929,-0.42125793 0.60708661 -0.047297764,
  -0.42428391 0.60708661 -0.051045724,-0.42630905 0.60708661 -0.05541638,
  -0.42721206 0.60708661 -0.060148014,-0.42693888 0.60708661 -0.064957293,
  -0.42550586 0.60708661 -0.069556234,-0.42299882 0.60708661 -0.073669449,
  -0.41956788 0.60708661 -0.077050638,-0.41956788 0.58740157 -0.077050638,
  -0.41741229 0.58740157 -0.044396929,-0.42125793 0.58740157 -0.047297764,
  -0.42428391 0.58740157 -0.051045724,-0.42630905 0.58740157 -0.05541638,
  -0.42721206 0.58740157 -0.060148014,-0.42693888 0.58740157 -0.064957293,
  -0.42550586 0.58740157 -0.069556234,-0.42299882 0.58740157 -0.073669449] }
 coordIndex [
  7,8,9,-1,7,9,17,-1,6,17,16,-1,6,7,17,-1,5,16,15,-1,5,6,16,-1,4,15,14,-1,4,5,15,-1,
  3,14,13,-1,3,4,14,-1,2,13,12,-1,2,3,13,-1,1,12,11,-1,1,2,12,-1,0,11,10,-1,0,1,11,-1]
  normalPerVertex TRUE
  normal DEF NORM_47 Normal { vector [
  -0.6022038 0 0.7983424,-0.72427924 0 0.68950677,
  -0.87005228 0 0.49295945,-0.96372605 0 0.26689342,
  -0.9996913 0 0.024845635,-0.9757944 0 -0.21868992,
  -0.89346633 0 -0.44913018,-0.75763693 0 -0.65267625,
  -0.70192369 0 -0.71225216,-0.70192369 0 -0.71225216,
  -0.6022038 0 0.7983424,-0.66526509 0 0.74660723,
  -0.82667284 0 0.56268288,-0.93857889 0 0.34506472,
  -0.99428226 0 0.10678387,-0.99044737 0 -0.13789126,
  -0.92730388 0 -0.37430938,-0.80863285 0 -0.58831362] }
}
}
DEF SHAPE_48 Shape {
 appearance USE APP_1
 geometry DEF FACE_48 IndexedFaceSet {
  coord DEF COORD_48 Coordinate { point [
  -0.41956788 0.58740157 -0.077050638,-0.37555526 0.58740157 -0.10380516,
  -0.32679 0.58740157 -0.1203842,-0.27559055 0.58740157 -0.12599954,
  -0.2243911 0.58740157 -0.1203842,-0.17562584 0.58740157 -0.10380516,
  -0.13161322 0.58740157 -0.077050638,-0.12818228 0.58740157 -0.073669449,
  -0.12567524 0.58740157 -0.069556234,-0.12424223 0.58740157 -0.064957293,
  -0.12396905 0.58740157 -0.060148014,-0.12487206 0.58740157 -0.05541638,
  -0.12689719 0.58740157 -0.051045724,-0.12992317 0.58740157 -0.047297764,
  -0.13376881 0.58740157 -0.044396929,-0.18209049 0.58740157 -0.016498397,
  -0.21697196 0.58740157 -0.035943054,-0.255623 0.58740157 -0.045988373,
  -0.2955581 0.58740157 -0.045988373,-0.33420914 0.58740157 -0.035943054,
  -0.36909061 0.58740157 -0.016498397,-0.41741229 0.58740157 -0.044396929,
  -0.42125793 0.58740157 -0.047297764,-0.42428391 0.58740157 -0.051045724,
  -0.42630905 0.58740157 -0.05541638,-0.42721206 0.58740157 -0.060148014,
  -0.42693888 0.58740157 -0.064957293,-0.42550586 0.58740157 -0.069556234,
  -0.42299882 0.58740157 -0.073669449] }
 coordIndex [
  24,22,23,-1,0,21,22,-1,0,24,25,-1,0,25,26,-1,0,26,27,-1,0,27,28,-1,0,22,24,-1,1,19,20,-1,
  1,20,21,-1,1,21,0,-1,2,18,19,-1,2,19,1,-1,3,17,18,-1,3,18,2,-1,4,16,17,-1,4,17,3,-1,
  12,13,14,-1,5,14,15,-1,5,15,16,-1,5,16,4,-1,11,12,14,-1,9,10,11,-1,6,14,5,-1,7,8,9,-1,
  7,11,14,-1,7,9,11,-1,7,14,6,-1]
  normalPerVertex TRUE
  normal DEF NORM_48 Normal { vector [
  0 -1 0,0 -1 0,
  0 -1 0,0 -1 0,
  0 -1 0,0 -1 0,
  0 -1 0,0 -1 0,
  0 0 1,0 -1 0,
  0 0 1,0 -1 0,
  0 -1 0,0 0 1,
  0 -1 0,0 -1 0,
  0 -1 0,0 -1 0,
  0 -1 0,0 -1 0,
  0 -1 0,0 -1 0,
  0 -1 0,0 0 1,
  0 -1 0,0 -1 0,
  0 -1 0,0 -1 0,
  0 0 1] }
}
}
DEF SHAPE_49 Shape {
 appearance USE APP_1
 geometry DEF FACE_49 IndexedFaceSet {
  coord DEF COORD_49 Coordinate { point [
  -0.13161322 0.60708661 -0.077050638,-0.12818228 0.60708661 -0.073669449,
  -0.12567524 0.60708661 -0.069556234,-0.12424223 0.60708661 -0.064957293,
  -0.12396905 0.60708661 -0.060148014,-0.12487206 0.60708661 -0.05541638,
  -0.12689719 0.60708661 -0.051045724,-0.12992317 0.60708661 -0.047297764,
  -0.13376881 0.60708661 -0.044396929,-0.18209049 0.60708661 -0.016498397,
  -0.21697196 0.60708661 -0.035943054,-0.255623 0.60708661 -0.045988373,
  -0.2955581 0.60708661 -0.045988373,-0.33420914 0.60708661 -0.035943054,
  -0.36909061 0.60708661 -0.016498397,-0.41741229 0.60708661 -0.044396929,
  -0.42125793 0.60708661 -0.047297764,-0.42428391 0.60708661 -0.051045724,
  -0.42630905 0.60708661 -0.05541638,-0.42721206 0.60708661 -0.060148014,
  -0.42693888 0.60708661 -0.064957293,-0.42550586 0.60708661 -0.069556234,
  -0.42299882 0.60708661 -0.073669449,-0.41956788 0.60708661 -0.077050638,
  -0.37555526 0.60708661 -0.10380516,-0.32679 0.60708661 -0.1203842,
  -0.27559055 0.60708661 -0.12599954,-0.2243911 0.60708661 -0.1203842,
  -0.17562584 0.60708661 -0.10380516] }
 coordIndex [
  18,17,16,-1,23,16,15,-1,23,19,18,-1,23,20,19,-1,23,21,20,-1,23,22,21,-1,23,18,16,-1,24,14,13,-1,
  24,15,14,-1,24,23,15,-1,25,13,12,-1,25,24,13,-1,26,12,11,-1,26,25,12,-1,27,11,10,-1,27,26,11,-1,
  6,8,7,-1,28,9,8,-1,28,10,9,-1,28,27,10,-1,5,8,6,-1,3,5,4,-1,0,28,8,-1,1,3,2,-1,
  1,8,5,-1,1,5,3,-1,1,0,8,-1]
  normalPerVertex TRUE
  normal DEF NORM_49 Normal { vector [
  0 1 0,0 1 0,
  0 0 1,0 1 0,
  0 0 1,0 1 0,
  0 1 0,0 0 1,
  0 1 0,0 1 0,
  0 1 0,0 1 0,
  0 1 0,0 1 0,
  0 1 0,0 1 0,
  0 1 0,0 0 1,
  0 1 0,0 1 0,
  0 1 0,0 1 0,
  0 0 1,0 1 0,
  0 1 0,0 1 0,
  0 1 0,0 1 0,
  0 1 0] }
}
}
] }
DEF TXFM_6 Transform {
  center 0 0 0
  rotation 0 0 1 0
  scale 1 1 1
  scaleOrientation 0 0 1 0
  translation 0 0 0
 children [
DEF SHAPE_50 Shape {
 appearance USE APP_1
 geometry DEF FACE_50 IndexedFaceSet {
  coord DEF COORD_50 Coordinate { point [
  0.27559055 0.58740157 -0.12599954,0.33672891 0.58740157 -0.11795052,
  0.39370079 0.58740157 -0.094351999,0.44262365 0.58740157 -0.056812167,
  0.48016348 0.58740157 -0.0078893054,0.50376201 0.58740157 0.049082574,
  0.51181102 0.58740157 0.11022093,0.50376201 0.58740157 0.17135929,
  0.48016348 0.58740157 0.22833117,0.44262365 0.58740157 0.27725403,
  0.39370079 0.58740157 0.31479386,0.33672891 0.58740157 0.33839239,
  0.27559055 0.58740157 0.3464414,0.27559055 0.60708661 -0.12599954,
  0.33672891 0.60708661 -0.11795052,0.39370079 0.60708661 -0.094351999,
  0.44262365 0.60708661 -0.056812167,0.48016348 0.60708661 -0.0078893054,
  0.50376201 0.60708661 0.049082574,0.51181102 0.60708661 0.11022093,
  0.50376201 0.60708661 0.17135929,0.48016348 0.60708661 0.22833117,
  0.44262365 0.60708661 0.27725403,0.39370079 0.60708661 0.31479386,
  0.33672891 0.60708661 0.33839239,0.27559055 0.60708661 0.3464414] }
 coordIndex [
  24,12,11,-1,24,25,12,-1,23,11,10,-1,23,24,11,-1,22,10,9,-1,22,23,10,-1,21,9,8,-1,21,22,9,-1,
  20,8,7,-1,20,21,8,-1,19,7,6,-1,19,20,7,-1,18,6,5,-1,18,19,6,-1,17,5,4,-1,17,18,5,-1,
  16,4,3,-1,16,17,4,-1,15,3,2,-1,15,16,3,-1,14,2,1,-1,14,15,2,-1,13,1,0,-1,13,14,1,-1]
  normalPerVertex TRUE
  normal DEF NORM_50 Normal { vector [
  0.13052619 0 -0.99144486,0.21622209 0 -0.9763442,
  0.46155098 0 -0.88711369,0.67542593 0 -0.73742784,
  0.84327172 0 -0.5374875,0.95364993 0 -0.30091828,
  0.99903848 0 -0.04384197,0.9763442 0 0.21622209,
  0.88711369 0 0.46155098,0.73742784 0 0.67542593,
  0.5374875 0 0.84327172,0.30091828 0 0.95364993,
  0.13052619 0 0.99144486,0.13052619 0 -0.99144486,
  0.30091828 0 -0.95364993,0.5374875 0 -0.84327172,
  0.73742784 0 -0.67542593,0.88711369 0 -0.46155098,
  0.9763442 0 -0.21622209,0.99903848 0 0.04384197,
  0.95364993 0 0.30091828,0.84327172 0 0.5374875,
  0.67542593 0 0.73742784,0.46155098 0 0.88711369,
  0.21622209 0 0.9763442,0.13052619 0 0.99144486] }
}
}
DEF SHAPE_51 Shape {
 appearance USE APP_1
 geometry DEF FACE_51 IndexedFaceSet {
  coord DEF COORD_51 Coordinate { point [
  0.27559055 0.58740157 0.26770125,0.27559055 0.60708661 0.26770125,
  0.27559055 0.60708661 -0.047259384,0.23483165 0.60708661 -0.041893373,
  0.19685039 0.60708661 -0.026161023,0.16423515 0.60708661 -0.0011344678,
  0.1392086 0.60708661 0.031480773,0.12347625 0.60708661 0.069462026,
  0.11811024 0.60708661 0.11022093,0.12347625 0.60708661 0.15097984,
  0.1392086 0.60708661 0.18896109,0.16423515 0.60708661 0.22157633,
  0.19685039 0.60708661 0.24660288,0.23483165 0.60708661 0.26233523,
  0.27559055 0.58740157 -0.047259384,0.23483165 0.58740157 -0.041893373,
  0.19685039 0.58740157 -0.026161023,0.16423515 0.58740157 -0.0011344678,
  0.1392086 0.58740157 0.031480773,0.12347625 0.58740157 0.069462026,
  0.11811024 0.58740157 0.11022093,0.12347625 0.58740157 0.15097984,
  0.1392086 0.58740157 0.18896109,0.16423515 0.58740157 0.22157633,
  0.19685039 0.58740157 0.24660288,0.23483165 0.58740157 0.26233523] }
 coordIndex [
  3,14,2,-1,3,15,14,-1,4,16,15,-1,4,15,3,-1,5,17,16,-1,5,16,4,-1,6,18,17,-1,6,17,5,-1,
  7,19,18,-1,7,18,6,-1,8,20,19,-1,8,19,7,-1,9,21,20,-1,9,20,8,-1,10,22,21,-1,10,21,9,-1,
  11,23,22,-1,11,22,10,-1,12,24,23,-1,12,23,11,-1,13,25,24,-1,13,24,12,-1,1,0,25,-1,1,25,13,-1]
  normalPerVertex TRUE
  normal DEF NORM_51 Normal { vector [
  0.13052619 0 -0.99144486,0.13052619 0 -0.99144486,
  0.13052619 0 0.99144486,0.21622209 0 0.9763442,
  0.46155098 0 0.88711369,0.67542593 0 0.73742784,
  0.84327172 0 0.5374875,0.95364993 0 0.30091828,
  0.99903848 0 0.04384197,0.9763442 0 -0.21622209,
  0.88711369 0 -0.46155098,0.73742784 0 -0.67542593,
  0.5374875 0 -0.84327172,0.30091828 0 -0.95364993,
  0.13052619 0 0.99144486,0.30091828 0 0.95364993,
  0.5374875 0 0.84327172,0.73742784 0 0.67542593,
  0.88711369 0 0.46155098,0.9763442 0 0.21622209,
  0.99903848 0 -0.04384197,0.95364993 0 -0.30091828,
  0.84327172 0 -0.5374875,0.67542593 0 -0.73742784,
  0.46155098 0 -0.88711369,0.21622209 0 -0.9763442] }
}
}
DEF SHAPE_52 Shape {
 appearance USE APP_1
 geometry DEF FACE_52 IndexedFaceSet {
  coord DEF COORD_52 Coordinate { point [
  0.27559055 0.60708661 0.26770125,0.31634946 0.60708661 0.26233523,
  0.35433071 0.60708661 0.24660288,0.38694595 0.60708661 0.22157633,
  0.4119725 0.60708661 0.18896109,0.42770485 0.60708661 0.15097984,
  0.43307087 0.60708661 0.11022093,0.42770485 0.60708661 0.069462026,
  0.4119725 0.60708661 0.031480773,0.38694595 0.60708661 -0.0011344678,
  0.35433071 0.60708661 -0.026161023,0.31634946 0.60708661 -0.041893373,
  0.27559055 0.60708661 -0.047259384,0.27559055 0.58740157 0.26770125,
  0.31634946 0.58740157 0.26233523,0.35433071 0.58740157 0.24660288,
  0.38694595 0.58740157 0.22157633,0.4119725 0.58740157 0.18896109,
  0.42770485 0.58740157 0.15097984,0.43307087 0.58740157 0.11022093,
  0.42770485 0.58740157 0.069462026,0.4119725 0.58740157 0.031480773,
  0.38694595 0.58740157 -0.0011344678,0.35433071 0.58740157 -0.026161023,
  0.31634946 0.58740157 -0.041893373,0.27559055 0.58740157 -0.047259384] }
 coordIndex [
  1,13,0,-1,1,14,13,-1,2,15,14,-1,2,14,1,-1,3,16,15,-1,3,15,2,-1,4,17,16,-1,4,16,3,-1,
  5,18,17,-1,5,17,4,-1,6,19,18,-1,6,18,5,-1,7,20,19,-1,7,19,6,-1,8,21,20,-1,8,20,7,-1,
  9,22,21,-1,9,21,8,-1,10,23,22,-1,10,22,9,-1,11,24,23,-1,11,23,10,-1,12,25,24,-1,12,24,11,-1]
  normalPerVertex TRUE
  normal DEF NORM_52 Normal { vector [
  -0.13052619 0 -0.99144486,-0.21622209 0 -0.9763442,
  -0.46155098 0 -0.88711369,-0.67542593 0 -0.73742784,
  -0.84327172 0 -0.5374875,-0.95364993 0 -0.30091828,
  -0.99903848 0 -0.04384197,-0.9763442 0 0.21622209,
  -0.88711369 0 0.46155098,-0.73742784 0 0.67542593,
  -0.5374875 0 0.84327172,-0.30091828 0 0.95364993,
  -0.13052619 0 0.99144486,-0.13052619 0 -0.99144486,
  -0.30091828 0 -0.95364993,-0.5374875 0 -0.84327172,
  -0.73742784 0 -0.67542593,-0.88711369 0 -0.46155098,
  -0.9763442 0 -0.21622209,-0.99903848 0 0.04384197,
  -0.95364993 0 0.30091828,-0.84327172 0 0.5374875,
  -0.67542593 0 0.73742784,-0.46155098 0 0.88711369,
  -0.21622209 0 0.9763442,-0.13052619 0 0.99144486] }
}
}
DEF SHAPE_53 Shape {
 appearance USE APP_1
 geometry DEF FACE_53 IndexedFaceSet {
  coord DEF COORD_53 Coordinate { point [
  0.27559055 0.58740157 -0.12599954,0.27559055 0.60708661 -0.12599954,
  0.27559055 0.58740157 0.3464414,0.21445219 0.58740157 0.33839239,
  0.15748031 0.58740157 0.31479386,0.10855745 0.58740157 0.27725403,
  0.071017621 0.58740157 0.22833117,0.047419096 0.58740157 0.17135929,
  0.039370079 0.58740157 0.11022093,0.047419096 0.58740157 0.049082574,
  0.071017621 0.58740157 -0.0078893054,0.10855745 0.58740157 -0.056812167,
  0.15748031 0.58740157 -0.094351999,0.21445219 0.58740157 -0.11795052,
  0.27559055 0.60708661 0.3464414,0.21445219 0.60708661 0.33839239,
  0.15748031 0.60708661 0.31479386,0.10855745 0.60708661 0.27725403,
  0.071017621 0.60708661 0.22833117,0.047419096 0.60708661 0.17135929,
  0.039370079 0.60708661 0.11022093,0.047419096 0.60708661 0.049082574,
  0.071017621 0.60708661 -0.0078893054,0.10855745 0.60708661 -0.056812167,
  0.15748031 0.60708661 -0.094351999,0.21445219 0.60708661 -0.11795052] }
 coordIndex [
  25,1,0,-1,25,0,13,-1,24,13,12,-1,24,25,13,-1,23,12,11,-1,23,24,12,-1,22,11,10,-1,22,23,11,-1,
  21,10,9,-1,21,22,10,-1,20,9,8,-1,20,21,9,-1,19,8,7,-1,19,20,8,-1,18,7,6,-1,18,19,7,-1,
  17,6,5,-1,17,18,6,-1,16,5,4,-1,16,17,5,-1,15,4,3,-1,15,16,4,-1,14,3,2,-1,14,15,3,-1]
  normalPerVertex TRUE
  normal DEF NORM_53 Normal { vector [
  -0.13052619 0 -0.99144486,-0.13052619 0 -0.99144486,
  -0.13052619 0 0.99144486,-0.21622209 0 0.9763442,
  -0.46155098 0 0.88711369,-0.67542593 0 0.73742784,
  -0.84327172 0 0.5374875,-0.95364993 0 0.30091828,
  -0.99903848 0 0.04384197,-0.9763442 0 -0.21622209,
  -0.88711369 0 -0.46155098,-0.73742784 0 -0.67542593,
  -0.5374875 0 -0.84327172,-0.30091828 0 -0.95364993,
  -0.13052619 0 0.99144486,-0.30091828 0 0.95364993,
  -0.5374875 0 0.84327172,-0.73742784 0 0.67542593,
  -0.88711369 0 0.46155098,-0.9763442 0 0.21622209,
  -0.99903848 0 -0.04384197,-0.95364993 0 -0.30091828,
  -0.84327172 0 -0.5374875,-0.67542593 0 -0.73742784,
  -0.46155098 0 -0.88711369,-0.21622209 0 -0.9763442] }
}
}
DEF SHAPE_54 Shape {
 appearance USE APP_1
 geometry DEF FACE_54 IndexedFaceSet {
  coord DEF COORD_54 Coordinate { point [
  0.27559055 0.58740157 0.3464414,0.21445219 0.58740157 0.33839239,
  0.15748031 0.58740157 0.31479386,0.10855745 0.58740157 0.27725403,
  0.071017621 0.58740157 0.22833117,0.047419096 0.58740157 0.17135929,
  0.039370079 0.58740157 0.11022093,0.047419096 0.58740157 0.049082574,
  0.071017621 0.58740157 -0.0078893054,0.10855745 0.58740157 -0.056812167,
  0.15748031 0.58740157 -0.094351999,0.21445219 0.58740157 -0.11795052,
  0.27559055 0.58740157 -0.12599954,0.33672891 0.58740157 -0.11795052,
  0.39370079 0.58740157 -0.094351999,0.44262365 0.58740157 -0.056812167,
  0.48016348 0.58740157 -0.0078893054,0.50376201 0.58740157 0.049082574,
  0.51181102 0.58740157 0.11022093,0.50376201 0.58740157 0.17135929,
  0.48016348 0.58740157 0.22833117,0.44262365 0.58740157 0.27725403,
  0.39370079 0.58740157 0.31479386,0.33672891 0.58740157 0.33839239,
  0.27559055 0.58740157 0.26770125,0.31634946 0.58740157 0.26233523,
  0.35433071 0.58740157 0.24660288,0.38694595 0.58740157 0.22157633,
  0.4119725 0.58740157 0.18896109,0.42770485 0.58740157 0.15097984,
  0.43307087 0.58740157 0.11022093,0.42770485 0.58740157 0.069462026,
  0.4119725 0.58740157 0.031480773,0.38694595 0.58740157 -0.0011344678,
  0.35433071 0.58740157 -0.026161023,0.31634946 0.58740157 -0.041893373,
  0.27559055 0.58740157 -0.047259384,0.23483165 0.58740157 -0.041893373,
  0.19685039 0.58740157 -0.026161023,0.16423515 0.58740157 -0.0011344678,
  0.1392086 0.58740157 0.031480773,0.12347625 0.58740157 0.069462026,
  0.11811024 0.58740157 0.11022093,0.12347625 0.58740157 0.15097984,
  0.1392086 0.58740157 0.18896109,0.16423515 0.58740157 0.22157633,
  0.19685039 0.58740157 0.24660288,0.23483165 0.58740157 0.26233523] }
 coordIndex [
  46,2,3,-1,46,3,45,-1,44,3,4,-1,44,45,3,-1,43,4,5,-1,43,44,4,-1,47,1,2,-1,47,2,46,-1,
  42,5,6,-1,42,43,5,-1,24,0,1,-1,24,1,47,-1,41,6,7,-1,41,42,6,-1,25,23,0,-1,25,0,24,-1,
  40,7,8,-1,40,41,7,-1,26,22,23,-1,26,23,25,-1,39,8,9,-1,39,40,8,-1,27,21,22,-1,27,22,26,-1,
  10,38,39,-1,10,39,9,-1,20,27,28,-1,20,21,27,-1,11,38,10,-1,11,37,38,-1,19,20,28,-1,19,28,29,-1,
  19,29,30,-1,12,37,11,-1,12,36,37,-1,18,19,30,-1,18,30,31,-1,17,18,31,-1,13,36,12,-1,13,34,35,-1,
  13,35,36,-1,16,31,32,-1,16,32,33,-1,16,17,31,-1,14,34,13,-1,15,33,34,-1,15,16,33,-1,15,34,14,-1]
  normalPerVertex TRUE
  normal DEF NORM_54 Normal { vector [
  0 -1 0,0 -1 0,
  0 -1 0,0 -1 0,
  0 -1 0,0 -1 0,
  0 -1 0,0 -1 0,
  0 -1 0,0 -1 0,
  0 -1 0,0 -1 0,
  0 -1 0,0 -1 0,
  0 -1 0,0 -1 0,
  0 -1 0,0 -1 0,
  0 -1 0,0 -1 0,
  0 -1 0,0 -1 0,
  0 -1 0,0 -1 0,
  0 -1 0,0 -1 0,
  0 -1 0,0 -1 0,
  0 -1 0,0 -1 0,
  0 -1 0,0 -1 0,
  0 -1 0,0 -1 0,
  0 -1 0,0 -1 0,
  0 -1 0,0 -1 0,
  0 -1 0,0 -1 0,
  0 -1 0,0 -1 0,
  0 -1 0,0 -1 0,
  0 -1 0,0 -1 0,
  0 -1 0,0 -1 0] }
}
}
DEF SHAPE_55 Shape {
 appearance USE APP_1
 geometry DEF FACE_55 IndexedFaceSet {
  coord DEF COORD_55 Coordinate { point [
  0.27559055 0.60708661 -0.12599954,0.33672891 0.60708661 -0.11795052,
  0.39370079 0.60708661 -0.094351999,0.44262365 0.60708661 -0.056812167,
  0.48016348 0.60708661 -0.0078893054,0.50376201 0.60708661 0.049082574,
  0.51181102 0.60708661 0.11022093,0.50376201 0.60708661 0.17135929,
  0.48016348 0.60708661 0.22833117,0.44262365 0.60708661 0.27725403,
  0.39370079 0.60708661 0.31479386,0.33672891 0.60708661 0.33839239,
  0.27559055 0.60708661 0.3464414,0.21445219 0.60708661 0.33839239,
  0.15748031 0.60708661 0.31479386,0.10855745 0.60708661 0.27725403,
  0.071017621 0.60708661 0.22833117,0.047419096 0.60708661 0.17135929,
  0.039370079 0.60708661 0.11022093,0.047419096 0.60708661 0.049082574,
  0.071017621 0.60708661 -0.0078893054,0.10855745 0.60708661 -0.056812167,
  0.15748031 0.60708661 -0.094351999,0.21445219 0.60708661 -0.11795052,
  0.27559055 0.60708661 -0.047259384,0.23483165 0.60708661 -0.041893373,
  0.19685039 0.60708661 -0.026161023,0.16423515 0.60708661 -0.0011344678,
  0.1392086 0.60708661 0.031480773,0.12347625 0.60708661 0.069462026,
  0.11811024 0.60708661 0.11022093,0.12347625 0.60708661 0.15097984,
  0.1392086 0.60708661 0.18896109,0.16423515 0.60708661 0.22157633,
  0.19685039 0.60708661 0.24660288,0.23483165 0.60708661 0.26233523,
  0.27559055 0.60708661 0.26770125,0.31634946 0.60708661 0.26233523,
  0.35433071 0.60708661 0.24660288,0.38694595 0.60708661 0.22157633,
  0.4119725 0.60708661 0.18896109,0.42770485 0.60708661 0.15097984,
  0.43307087 0.60708661 0.11022093,0.42770485 0.60708661 0.069462026,
  0.4119725 0.60708661 0.031480773,0.38694595 0.60708661 -0.0011344678,
  0.35433071 0.60708661 -0.026161023,0.31634946 0.60708661 -0.041893373] }
 coordIndex [
  34,15,14,-1,34,33,15,-1,32,16,15,-1,32,15,33,-1,31,17,16,-1,31,16,32,-1,35,14,13,-1,35,34,14,-1,
  30,18,17,-1,30,17,31,-1,36,13,12,-1,36,35,13,-1,37,12,11,-1,37,36,12,-1,29,19,18,-1,29,18,30,-1,
  28,20,19,-1,28,19,29,-1,38,11,10,-1,38,37,11,-1,39,38,10,-1,9,39,10,-1,27,21,20,-1,27,20,28,-1,
  22,27,26,-1,22,21,27,-1,8,39,9,-1,8,40,39,-1,23,26,25,-1,23,22,26,-1,7,40,8,-1,7,41,40,-1,
  7,42,41,-1,0,23,25,-1,0,25,24,-1,6,42,7,-1,6,43,42,-1,1,0,24,-1,1,47,46,-1,1,24,47,-1,
  5,43,6,-1,4,43,5,-1,4,44,43,-1,4,45,44,-1,2,1,46,-1,3,45,4,-1,3,2,46,-1,3,46,45,-1]
  normalPerVertex TRUE
  normal DEF NORM_55 Normal { vector [
  0 1 0,0 1 0,
  0 1 0,0 1 0,
  0 1 0,0 1 0,
  0 1 0,0 1 0,
  0 1 0,0 1 0,
  0 1 0,0 1 0,
  0 1 0,0 1 0,
  0 1 0,0 1 0,
  0 1 0,0 1 0,
  0 1 0,0 1 0,
  0 1 0,0 1 0,
  0 1 0,0 1 0,
  0 1 0,0 1 0,
  0 1 0,0 1 0,
  0 1 0,0 1 0,
  0 1 0,0 1 0,
  0 1 0,0 1 0,
  0 1 0,0 1 0,
  0 1 0,0 1 0,
  0 1 0,0 1 0,
  0 1 0,0 1 0,
  0 1 0,0 1 0,
  0 1 0,0 1 0,
  0 1 0,0 1 0] }
}
}
] }
DEF TXFM_7 Transform {
  center 0 0 0
  rotation 0 0 1 0
  scale 1 1 1
  scaleOrientation 0 0 1 0
  translation 0 0 0
 children [
DEF SHAPE_56 Shape {
 appearance USE APP_1
 geometry DEF FACE_56 IndexedFaceSet {
  coord DEF COORD_56 Coordinate { point [
  -0.35826772 0.58740157 0.33003613,-0.36083104 0.58740157 0.32986852,
  -0.36335071 0.58740157 0.32936855,-0.36578382 0.58740157 0.32854474,
  -0.35826772 0.60708661 0.33003613,-0.36083104 0.60708661 0.32986852,
  -0.36335071 0.60708661 0.32936855,-0.36578382 0.60708661 0.32854474] }
 coordIndex [
  6,3,2,-1,6,7,3,-1,5,2,1,-1,5,6,2,-1,4,1,0,-1,4,5,1,-1]
  normalPerVertex TRUE
  normal DEF NORM_56 Normal { vector [
  -0.065247403 0 0.99786912,-0.10858095 0 0.99408761,
  -0.23710329 0 0.97148445,-0.32070048 0 0.94718066,
  -0.065247403 0 0.99786912,-0.15179069 0 0.98841266,
  -0.27920614 0 0.96023119,-0.32070048 0 0.94718066] }
}
}
DEF SHAPE_57 Shape {
 appearance USE APP_1
 geometry DEF FACE_57 IndexedFaceSet {
  coord DEF COORD_57 Coordinate { point [
  -0.35826772 0.58740157 0.33003613,-0.35826772 0.60708661 0.33003613,
  -0.33858268 0.58740157 0.31035109,-0.33925343 0.58740157 0.31544595,
  -0.34121997 0.58740157 0.32019361,-0.34434829 0.58740157 0.32427051,
  -0.3484252 0.58740157 0.32739883,-0.35317285 0.58740157 0.32936538,
  -0.33858268 0.60708661 0.31035109,-0.33925343 0.60708661 0.31544595,
  -0.34121997 0.60708661 0.32019361,-0.34434829 0.60708661 0.32427051,
  -0.3484252 0.60708661 0.32739883,-0.35317285 0.60708661 0.32936538] }
 coordIndex [
  13,1,0,-1,13,0,7,-1,12,7,6,-1,12,13,7,-1,11,6,5,-1,11,12,6,-1,10,5,4,-1,10,11,5,-1,
  9,4,3,-1,9,10,4,-1,8,3,2,-1,8,9,3,-1]
  normalPerVertex TRUE
  normal DEF NORM_57 Normal { vector [
  0.13052619 0 0.99144486,0.13052619 0 0.99144486,
  0.99144486 0 0.13052619,0.9763442 0 0.21622209,
  0.88711369 0 0.46155098,0.73742784 0 0.67542593,
  0.5374875 0 0.84327172,0.30091828 0 0.95364993,
  0.99144486 0 0.13052619,0.95364993 0 0.30091828,
  0.84327172 0 0.5374875,0.67542593 0 0.73742784,
  0.46155098 0 0.88711369,0.21622209 0 0.9763442] }
}
}
DEF SHAPE_58 Shape {
 appearance USE APP_1
 geometry DEF FACE_58 IndexedFaceSet {
  coord DEF COORD_58 Coordinate { point [
  -0.33858268 0.58740157 0.25455402,-0.33858268 0.60708661 0.25455402,
  -0.33858268 0.58740157 0.31035109,-0.33858268 0.60708661 0.31035109] }
 coordIndex [
  0,3,2,-1,0,1,3,-1]
  normalPerVertex TRUE
  normal DEF NORM_58 Normal { vector [
  1 0 0,1 0 0,
  1 0 0,1 0 0] }
}
}
DEF SHAPE_59 Shape {
 appearance USE APP_1
 geometry DEF FACE_59 IndexedFaceSet {
  coord DEF COORD_59 Coordinate { point [
  -0.36578382 0.60708661 0.32854474,-0.41096023 0.60708661 0.30380595,
  -0.44970073 0.60708661 0.26986352,-0.48016348 0.60708661 0.22833117,
  -0.50090018 0.60708661 0.18118348,-0.51092494 0.60708661 0.130662,
  -0.50976115 0.60708661 0.079168691,-0.50976115 0.58740157 0.079168691,
  -0.36578382 0.58740157 0.32854474,-0.41096023 0.58740157 0.30380595,
  -0.44970073 0.58740157 0.26986352,-0.48016348 0.58740157 0.22833117,
  -0.50090018 0.58740157 0.18118348,-0.51092494 0.58740157 0.130662] }
 coordIndex [
  5,6,7,-1,5,7,13,-1,4,13,12,-1,4,5,13,-1,3,12,11,-1,3,4,12,-1,2,11,10,-1,2,3,11,-1,
  1,10,9,-1,1,2,10,-1,0,9,8,-1,0,1,9,-1]
  normalPerVertex TRUE
  normal DEF NORM_59 Normal { vector [
  -0.48030451 0 0.8771018,-0.60262252 0 0.79802638,
  -0.76126491 0 0.648441,-0.88371434 0 0.46802668,
  -0.96414916 0 0.26536087,-0.99874526 0 0.05007896,
  -0.9997447 0 -0.022594992,-0.9997447 0 -0.022594992,
  -0.48030451 0 0.8771018,-0.54274228 0 0.83989929,
  -0.71188384 0 0.70229723,-0.84718016 0 0.53130573,
  -0.94219884 0 0.33505425,-0.99242238 0 0.12287322] }
}
}
DEF SHAPE_60 Shape {
 appearance USE APP_1
 geometry DEF FACE_60 IndexedFaceSet {
  coord DEF COORD_60 Coordinate { point [
  -0.50976115 0.60708661 0.079168691,-0.50854843 0.60708661 0.074506815,
  -0.5062398 0.60708661 0.070279047,-0.50297351 0.60708661 0.066738549,
  -0.49894514 0.60708661 0.064097328,-0.49439592 0.60708661 0.062513542,
  -0.48959825 0.60708661 0.062082029,-0.48483943 0.60708661 0.062828628,
  -0.48040441 0.60708661 0.064708633,-0.48040441 0.58740157 0.064708633,
  -0.50976115 0.58740157 0.079168691,-0.50854843 0.58740157 0.074506815,
  -0.5062398 0.58740157 0.070279047,-0.50297351 0.58740157 0.066738549,
  -0.49894514 0.58740157 0.064097328,-0.49439592 0.58740157 0.062513542,
  -0.48959825 0.58740157 0.062082029,-0.48483943 0.58740157 0.062828628] }
 coordIndex [
  7,8,9,-1,7,9,17,-1,6,17,16,-1,6,7,17,-1,5,16,15,-1,5,6,16,-1,4,15,14,-1,4,5,15,-1,
  3,14,13,-1,3,4,14,-1,2,13,12,-1,2,3,13,-1,1,12,11,-1,1,2,12,-1,0,11,10,-1,0,1,11,-1]
  normalPerVertex TRUE
  normal DEF NORM_60 Normal { vector [
  -0.96779031 0 -0.25175767,-0.91381096 0 -0.40613978,
  -0.78781337 0 -0.61591403,-0.61464102 0 -0.78880696,
  -0.40466358 0 -0.91446563,-0.17045463 0 -0.98536553,
  0.07396125 0 -0.99726112,0.31394828 0 -0.94944008,
  0.39028289 0 -0.92069499,0.39028289 0 -0.92069499,
  -0.96779031 0 -0.25175767,-0.94405268 0 -0.3297947,
  -0.83569131 0 -0.54919945,-0.67728823 0 -0.73571778,
  -0.4783287 0 -0.87818088,-0.25072655 0 -0.96805795,
  -0.0081107323 0 -0.99996711,0.23499076 0 -0.9719976] }
}
}
DEF SHAPE_61 Shape {
 appearance USE APP_1
 geometry DEF FACE_61 IndexedFaceSet {
  coord DEF COORD_61 Coordinate { point [
  -0.43208274 0.60708661 0.092607166,-0.48040441 0.60708661 0.064708633,
  -0.43208274 0.58740157 0.092607166,-0.48040441 0.58740157 0.064708633] }
 coordIndex [
  2,1,0,-1,2,3,1,-1]
  normalPerVertex TRUE
  normal DEF NORM_61 Normal { vector [
  0.5 0 -0.8660254,0.5 0 -0.8660254,
  0.5 0 -0.8660254,0.5 0 -0.8660254] }
}
}
DEF SHAPE_62 Shape {
 appearance USE APP_1
 geometry DEF FACE_62 IndexedFaceSet {
  coord DEF COORD_62 Coordinate { point [
  -0.43208274 0.58740157 0.092607166,-0.43208274 0.60708661 0.092607166,
  -0.43148157 0.58740157 0.13253773,-0.42085555 0.58740157 0.17103318,
  -0.400888 0.58740157 0.20561799,-0.37286298 0.58740157 0.23406811,
  -0.33858268 0.58740157 0.25455402,-0.33858268 0.60708661 0.25455402,
  -0.43148157 0.60708661 0.13253773,-0.42085555 0.60708661 0.17103318,
  -0.400888 0.60708661 0.20561799,-0.37286298 0.60708661 0.23406811] }
 coordIndex [
  8,0,1,-1,8,2,0,-1,9,3,2,-1,9,2,8,-1,10,4,3,-1,10,3,9,-1,11,5,4,-1,11,4,10,-1,
  7,6,5,-1,7,5,11,-1]
  normalPerVertex TRUE
  normal DEF NORM_62 Normal { vector [
  0.99988669 0 -0.015053643,0.99988669 0 -0.015053643,
  0.98297796 0 -0.18372353,0.90515785 0 -0.4250756,
  0.76912994 0 -0.63909243,0.58364175 0 -0.81201127,
  0.51298018 0 -0.85840045,0.51298018 0 -0.85840045,
  0.99504327 0 -0.099442948,0.93803525 0 -0.34653985,
  0.82070519 0 -0.57135189,0.65059822 0 -0.75942212] }
}
}
DEF SHAPE_63 Shape {
 appearance USE APP_1
 geometry DEF FACE_63 IndexedFaceSet {
  coord DEF COORD_63 Coordinate { point [
  -0.33858268 0.58740157 0.25455402,-0.33858268 0.58740157 0.31035109,
  -0.33925343 0.58740157 0.31544595,-0.34121997 0.58740157 0.32019361,
  -0.34434829 0.58740157 0.32427051,-0.3484252 0.58740157 0.32739883,
  -0.35317285 0.58740157 0.32936538,-0.35826772 0.58740157 0.33003613,
  -0.36083104 0.58740157 0.32986852,-0.36335071 0.58740157 0.32936855,
  -0.36578382 0.58740157 0.32854474,-0.41096023 0.58740157 0.30380595,
  -0.44970073 0.58740157 0.26986352,-0.48016348 0.58740157 0.22833117,
  -0.50090018 0.58740157 0.18118348,-0.51092494 0.58740157 0.130662,
  -0.50976115 0.58740157 0.079168691,-0.50854843 0.58740157 0.074506815,
  -0.5062398 0.58740157 0.070279047,-0.50297351 0.58740157 0.066738549,
  -0.49894514 0.58740157 0.064097328,-0.49439592 0.58740157 0.062513542,
  -0.48959825 0.58740157 0.062082029,-0.48483943 0.58740157 0.062828628,
  -0.48040441 0.58740157 0.064708633,-0.43208274 0.58740157 0.092607166,
  -0.43148157 0.58740157 0.13253773,-0.42085555 0.58740157 0.17103318,
  -0.400888 0.58740157 0.20561799,-0.37286298 0.58740157 0.23406811] }
 coordIndex [
  7,8,9,-1,6,9,10,-1,6,7,9,-1,4,5,6,-1,1,2,3,-1,1,3,4,-1,1,10,11,-1,1,4,6,-1,
  1,6,10,-1,29,11,12,-1,28,12,13,-1,28,29,12,-1,0,1,11,-1,0,11,29,-1,27,13,14,-1,27,28,13,-1,
  18,16,17,-1,26,14,15,-1,26,27,14,-1,20,18,19,-1,24,15,16,-1,24,20,21,-1,24,21,22,-1,24,22,23,-1,
  24,16,18,-1,24,18,20,-1,25,26,15,-1,25,15,24,-1]
  normalPerVertex TRUE
  normal DEF NORM_63 Normal { vector [
  0 -1 0,0 -1 0,
  0 0 1,0 -1 0,
  0 -1 0,0 0 1,
  0 -1 0,0 0 1,
  0 0 1,0 -1 0,
  0 -1 0,0 -1 0,
  0 -1 0,0 -1 0,
  0 -1 0,0 -1 0,
  0 -1 0,0 0 1,
  0 -1 0,0 0 1,
  0 -1 0,0 -1 0,
  0 -1 0,0 0 1,
  0 -1 0,0 -1 0,
  0 -1 0,0 -1 0,
  0 -1 0,0 -1 0] }
}
}
DEF SHAPE_64 Shape {
 appearance USE APP_1
 geometry DEF FACE_64 IndexedFaceSet {
  coord DEF COORD_64 Coordinate { point [
  -0.33858268 0.60708661 0.31035109,-0.33925343 0.60708661 0.31544595,
  -0.34121997 0.60708661 0.32019361,-0.34434829 0.60708661 0.32427051,
  -0.3484252 0.60708661 0.32739883,-0.35317285 0.60708661 0.32936538,
  -0.35826772 0.60708661 0.33003613,-0.36083104 0.60708661 0.32986852,
  -0.36335071 0.60708661 0.32936855,-0.36578382 0.60708661 0.32854474,
  -0.41096023 0.60708661 0.30380595,-0.44970073 0.60708661 0.26986352,
  -0.48016348 0.60708661 0.22833117,-0.50090018 0.60708661 0.18118348,
  -0.51092494 0.60708661 0.130662,-0.50976115 0.60708661 0.079168691,
  -0.50854843 0.60708661 0.074506815,-0.5062398 0.60708661 0.070279047,
  -0.50297351 0.60708661 0.066738549,-0.49894514 0.60708661 0.064097328,
  -0.49439592 0.60708661 0.062513542,-0.48959825 0.60708661 0.062082029,
  -0.48483943 0.60708661 0.062828628,-0.48040441 0.60708661 0.064708633,
  -0.43208274 0.60708661 0.092607166,-0.43148157 0.60708661 0.13253773,
  -0.42085555 0.60708661 0.17103318,-0.400888 0.60708661 0.20561799,
  -0.37286298 0.60708661 0.23406811,-0.33858268 0.60708661 0.25455402] }
 coordIndex [
  5,7,6,-1,5,8,7,-1,5,9,8,-1,3,5,4,-1,0,2,1,-1,0,3,2,-1,0,10,9,-1,0,5,3,-1,
  0,9,5,-1,28,11,10,-1,27,12,11,-1,27,11,28,-1,29,10,0,-1,29,28,10,-1,26,13,12,-1,26,12,27,-1,
  17,16,15,-1,18,17,15,-1,25,14,13,-1,25,13,26,-1,22,19,18,-1,22,20,19,-1,22,21,20,-1,23,15,14,-1,
  23,18,15,-1,23,22,18,-1,24,14,25,-1,24,23,14,-1]
  normalPerVertex TRUE
  normal DEF NORM_64 Normal { vector [
  0 1 0,0 0 1,
  0 1 0,0 1 0,
  0 0 1,0 1 0,
  0 0 1,0 0 1,
  0 0 1,0 1 0,
  0 1 0,0 1 0,
  0 1 0,0 1 0,
  0 1 0,0 1 0,
  0 0 1,0 1 0,
  0 1 0,0 1 0,
  0 1 0,0 0 1,
  0 1 0,0 1 0,
  0 1 0,0 1 0,
  0 1 0,0 1 0,
  0 1 0,0 1 0] }
}
}
] }
] }
] }
